Movie Name,Released Year,Rating,Gross Earnings in Million $,Genre,Cast
The Shawshank Redemption,(1994),9.3,$28.34M,['Drama'],"['Frank Darabont', 'Tim Robbins', 'Morgan Freeman', 'Bob Gunton', 'William Sadler']"
The Godfather,(1972),9.2,$134.97M,"['Crime, Drama']","['Francis Ford Coppola', 'Marlon Brando', 'Al Pacino', 'James Caan', 'Diane Keaton']"
The Dark Knight,(2008),9,$534.86M,"['Action, Crime, Drama']","['Christopher Nolan', 'Christian Bale', 'Heath Ledger', 'Aaron Eckhart', 'Michael Caine']"
Schindler's List,(1993),9,$96.90M,"['Biography, Drama, History']","['Steven Spielberg', 'Liam Neeson', 'Ralph Fiennes', 'Ben Kingsley', 'Caroline Goodall']"
12 Angry Men,(1957),9,$4.36M,"['Crime, Drama']","['Sidney Lumet', 'Henry Fonda', 'Lee J. Cobb', 'Martin Balsam', 'John Fiedler']"
The Lord of the Rings: The Return of the King,(2003),9,$377.85M,"['Action, Adventure, Drama']","['Peter Jackson', 'Elijah Wood', 'Viggo Mortensen', 'Ian McKellen', 'Orlando Bloom']"
The Godfather Part II,(1974),9,$57.30M,"['Crime, Drama']","['Francis Ford Coppola', 'Al Pacino', 'Robert De Niro', 'Robert Duvall', 'Diane Keaton']"
Pulp Fiction,(1994),8.9,$107.93M,"['Crime, Drama']","['Quentin Tarantino', 'John Travolta', 'Uma Thurman', 'Samuel L. Jackson', 'Bruce Willis']"
Inception,(2010),8.8,$292.58M,"['Action, Adventure, Sci-Fi']","['Christopher Nolan', 'Leonardo DiCaprio', 'Joseph Gordon-Levitt', 'Elliot Page', 'Ken Watanabe']"
The Lord of the Rings: The Fellowship of the Ring,(2001),8.8,$315.54M,"['Action, Adventure, Drama']","['Peter Jackson', 'Elijah Wood', 'Ian McKellen', 'Orlando Bloom', 'Sean Bean']"
Fight Club,(1999),8.8,$37.03M,['Drama'],"['David Fincher', 'Brad Pitt', 'Edward Norton', 'Meat Loaf', 'Zach Grenier']"
Forrest Gump,(1994),8.8,$330.25M,"['Drama, Romance']","['Robert Zemeckis', 'Tom Hanks', 'Robin Wright', 'Gary Sinise', 'Sally Field']"
"Il buono, il brutto, il cattivo",(1966),8.8,$6.10M,"['Adventure, Western']","['Sergio Leone', 'Clint Eastwood', 'Eli Wallach', 'Lee Van Cleef', 'Aldo Giuffrè']"
The Lord of the Rings: The Two Towers,(2002),8.8,$342.55M,"['Action, Adventure, Drama']","['Peter Jackson', 'Elijah Wood', 'Ian McKellen', 'Viggo Mortensen', 'Orlando Bloom']"
Interstellar,(2014),8.7,$188.02M,"['Adventure, Drama, Sci-Fi']","['Christopher Nolan', 'Matthew McConaughey', 'Anne Hathaway', 'Jessica Chastain', 'Mackenzie Foy']"
GoodFellas,(1990),8.7,$46.84M,"['Biography, Crime, Drama']","['Martin Scorsese', 'Robert De Niro', 'Ray Liotta', 'Joe Pesci', 'Lorraine Bracco']"
The Matrix,(1999),8.7,$171.48M,"['Action, Sci-Fi']","['Lana Wachowski', 'Lilly Wachowski', 'Keanu Reeves', 'Laurence Fishburne', 'Carrie-Anne Moss', 'Hugo Weaving']"
One Flew Over the Cuckoo's Nest,(1975),8.7,$112.00M,['Drama'],"['Milos Forman', 'Jack Nicholson', 'Louise Fletcher', 'Michael Berryman', 'Peter Brocco']"
Star Wars: Episode V - The Empire Strikes Back,(1980),8.7,$290.48M,"['Action, Adventure, Fantasy']","['Irvin Kershner', 'Mark Hamill', 'Harrison Ford', 'Carrie Fisher', 'Billy Dee Williams']"
Se7en,(1995),8.6,$100.13M,"['Crime, Drama, Mystery']","['David Fincher', 'Morgan Freeman', 'Brad Pitt', 'Kevin Spacey', 'Andrew Kevin Walker']"
Saving Private Ryan,(1998),8.6,$216.54M,"['Drama, War']","['Steven Spielberg', 'Tom Hanks', 'Matt Damon', 'Tom Sizemore', 'Edward Burns']"
The Silence of the Lambs,(1991),8.6,$130.74M,"['Crime, Drama, Thriller']","['Jonathan Demme', 'Jodie Foster', 'Anthony Hopkins', 'Lawrence A. Bonney', 'Kasi Lemmons']"
Terminator 2: Judgment Day,(1991),8.6,$204.84M,"['Action, Sci-Fi']","['James Cameron', 'Arnold Schwarzenegger', 'Linda Hamilton', 'Edward Furlong', 'Robert Patrick']"
The Green Mile,(1999),8.6,$136.80M,"['Crime, Drama, Fantasy']","['Frank Darabont', 'Tom Hanks', 'Michael Clarke Duncan', 'David Morse', 'Bonnie Hunt']"
Star Wars,(1977),8.6,$322.74M,"['Action, Adventure, Fantasy']","['George Lucas', 'Mark Hamill', 'Harrison Ford', 'Carrie Fisher', 'Alec Guinness']"
Cidade de Deus,(2002),8.6,$7.56M,"['Crime, Drama']","['Fernando Meirelles', 'Kátia Lund', 'Alexandre Rodrigues', 'Leandro Firmino', 'Matheus Nachtergaele', 'Phellipe Haagensen']"
La vita è bella,(1997),8.6,$57.60M,"['Comedy, Drama, Romance']","['Roberto Benigni', 'Roberto Benigni', 'Nicoletta Braschi', 'Giorgio Cantarini', 'Giustino Durano']"
The Prestige,(2006),8.5,$53.09M,"['Drama, Mystery, Sci-Fi']","['Christopher Nolan', 'Christian Bale', 'Hugh Jackman', 'Scarlett Johansson', 'Michael Caine']"
The Departed,(2006),8.5,$132.38M,"['Crime, Drama, Thriller']","['Martin Scorsese', 'Leonardo DiCaprio', 'Matt Damon', 'Jack Nicholson', 'Mark Wahlberg']"
Gladiator,(2000),8.5,$187.71M,"['Action, Adventure, Drama']","['Ridley Scott', 'Russell Crowe', 'Joaquin Phoenix', 'Connie Nielsen', 'Oliver Reed']"
Alien,(1979),8.5,$78.90M,"['Horror, Sci-Fi']","['Ridley Scott', 'Sigourney Weaver', 'Tom Skerritt', 'John Hurt', 'Veronica Cartwright']"
Back to the Future,(1985),8.5,$210.61M,"['Adventure, Comedy, Sci-Fi']","['Robert Zemeckis', 'Michael J. Fox', 'Christopher Lloyd', 'Lea Thompson', 'Crispin Glover']"
Léon,(1994),8.5,$19.50M,"['Action, Crime, Drama']","['Luc Besson', 'Jean Reno', 'Gary Oldman', 'Natalie Portman', 'Danny Aiello']"
The Pianist,(2002),8.5,$32.57M,"['Biography, Drama, Music']","['Roman Polanski', 'Adrien Brody', 'Thomas Kretschmann', 'Frank Finlay', 'Emilia Fox']"
The Usual Suspects,(1995),8.5,$23.34M,"['Crime, Drama, Mystery']","['Bryan Singer', 'Kevin Spacey', 'Gabriel Byrne', 'Chazz Palminteri', 'Stephen Baldwin']"
The Lion King,(1994),8.5,$422.78M,"['Animation, Adventure, Drama']","['Roger Allers', 'Rob Minkoff', 'Matthew Broderick', 'Jeremy Irons', 'James Earl Jones', 'Whoopi Goldberg']"
American History X,(1998),8.5,$6.72M,"['Crime, Drama']","['Tony Kaye', 'Edward Norton', 'Edward Furlong', ""Beverly D'Angelo"", 'Jennifer Lien']"
The Intouchables,(2011),8.5,$13.18M,"['Biography, Comedy, Drama']","['Olivier Nakache', 'Éric Toledano', 'François Cluzet', 'Omar Sy', 'Anne Le Ny', 'Audrey Fleurot']"
Casablanca,(1942),8.5,$1.02M,"['Drama, Romance, War']","['Michael Curtiz', 'Humphrey Bogart', 'Ingrid Bergman', 'Paul Henreid', 'Claude Rains']"
Psycho,(1960),8.5,$32.00M,"['Horror, Mystery, Thriller']","['Alfred Hitchcock', 'Anthony Perkins', 'Janet Leigh', 'Vera Miles', 'John Gavin']"
Once Upon a Time in the West,(1968),8.5,$5.32M,['Western'],"['Sergio Leone', 'Henry Fonda', 'Charles Bronson', 'Claudia Cardinale', 'Jason Robards']"
Rear Window,(1954),8.5,$36.76M,"['Mystery, Thriller']","['Alfred Hitchcock', 'James Stewart', 'Grace Kelly', 'Wendell Corey', 'Thelma Ritter']"
Modern Times,(1936),8.5,$0.16M,,"['Charles Chaplin', 'Charles Chaplin', 'Paulette Goddard', 'Henry Bergman', 'Tiny Sandford']"
City Lights,(1931),8.5,$0.02M,"['Comedy, Drama, Romance']","['Charles Chaplin', 'Charles Chaplin', 'Virginia Cherrill', 'Florence Lee', 'Harry Myers']"
Raiders of the Lost Ark,(1981),8.4,$248.16M,"['Action, Adventure']","['Steven Spielberg', 'Harrison Ford', 'Karen Allen', 'Paul Freeman', 'John Rhys-Davies']"
Memento,(2000),8.4,$25.54M,"['Mystery, Thriller']","['Christopher Nolan', 'Guy Pearce', 'Carrie-Anne Moss', 'Joe Pantoliano', 'Mark Boone Junior']"
The Dark Knight Rises,(2012),8.4,$448.14M,"['Action, Drama, Thriller']","['Christopher Nolan', 'Christian Bale', 'Tom Hardy', 'Anne Hathaway', 'Gary Oldman']"
Django Unchained,(2012),8.4,$162.81M,"['Drama, Western']","['Quentin Tarantino', 'Jamie Foxx', 'Christoph Waltz', 'Leonardo DiCaprio', 'Kerry Washington']"
Aliens,(1986),8.4,$85.16M,"['Action, Adventure, Sci-Fi']","['James Cameron', 'Sigourney Weaver', 'Michael Biehn', 'Carrie Henn', 'Paul Reiser']"
The Shining,(1980),8.4,$44.02M,"['Drama, Horror']","['Stanley Kubrick', 'Jack Nicholson', 'Shelley Duvall', 'Danny Lloyd', 'Scatman Crothers']"
Apocalypse Now,(1979),8.4,$83.47M,"['Drama, Mystery, War']","['Francis Ford Coppola', 'Martin Sheen', 'Marlon Brando', 'Robert Duvall', 'Frederic Forrest']"
WALL·E,(2008),8.4,$223.81M,"['Animation, Adventure, Family']","['Andrew Stanton', 'Ben Burtt', 'Elissa Knight', 'Jeff Garlin', 'Fred Willard']"
The Lives of Others,(2006),8.4,$11.29M,"['Drama, Mystery, Thriller']","['Florian Henckel von Donnersmarck', 'Ulrich Mühe', 'Martina Gedeck', 'Sebastian Koch', 'Ulrich Tukur']"
Das Boot,(1981),8.4,$11.49M,"['Drama, War']","['Wolfgang Petersen', 'Jürgen Prochnow', 'Herbert Grönemeyer', 'Klaus Wennemann', 'Hubertus Bengsch']"
Inglourious Basterds,(2009),8.3,$120.54M,"['Adventure, Drama, War']","['Quentin Tarantino', 'Brad Pitt', 'Diane Kruger', 'Eli Roth', 'Mélanie Laurent']"
Heat,(1995),8.3,$67.44M,"['Action, Crime, Drama']","['Michael Mann', 'Al Pacino', 'Robert De Niro', 'Val Kilmer', 'Jon Voight']"
American Beauty,(1999),8.3,$130.10M,['Drama'],"['Sam Mendes', 'Kevin Spacey', 'Annette Bening', 'Thora Birch', 'Wes Bentley']"
Requiem for a Dream,(2000),8.3,$3.64M,['Drama'],"['Darren Aronofsky', 'Ellen Burstyn', 'Jared Leto', 'Jennifer Connelly', 'Marlon Wayans']"
Good Will Hunting,(1997),8.3,$138.43M,"['Drama, Romance']","['Gus Van Sant', 'Robin Williams', 'Matt Damon', 'Ben Affleck', 'Stellan Skarsgård']"
Scarface,(1983),8.3,$45.60M,"['Crime, Drama']","['Brian De Palma', 'Al Pacino', 'Michelle Pfeiffer', 'Steven Bauer', 'Mary Elizabeth Mastrantonio']"
2001: A Space Odyssey,(1968),8.3,$56.95M,"['Adventure, Sci-Fi']","['Stanley Kubrick', 'Keir Dullea', 'Gary Lockwood', 'William Sylvester', 'Daniel Richter']"
Braveheart,(1995),8.3,$75.60M,"['Biography, Drama, History']","['Mel Gibson', 'Mel Gibson', 'Sophie Marceau', 'Patrick McGoohan', 'Angus Macfadyen']"
Eternal Sunshine of the Spotless Mind,(2004),8.3,$34.40M,"['Drama, Romance, Sci-Fi']","['Michel Gondry', 'Jim Carrey', 'Kate Winslet', 'Tom Wilkinson', 'Gerry Robert Byrne']"
A Clockwork Orange,(1971),8.3,$6.21M,"['Crime, Sci-Fi']","['Stanley Kubrick', 'Malcolm McDowell', 'Patrick Magee', 'Michael Bates', 'Warren Clarke']"
Reservoir Dogs,(1992),8.3,$2.83M,"['Crime, Thriller']","['Quentin Tarantino', 'Harvey Keitel', 'Tim Roth', 'Michael Madsen', 'Chris Penn']"
Full Metal Jacket,(1987),8.3,$46.36M,"['Drama, War']","['Stanley Kubrick', 'Matthew Modine', 'R. Lee Ermey', ""Vincent D'Onofrio"", 'Adam Baldwin']"
Star Wars: Episode VI - Return of the Jedi,(1983),8.3,$309.13M,"['Action, Adventure, Fantasy']","['Richard Marquand', 'Mark Hamill', 'Harrison Ford', 'Carrie Fisher', 'Billy Dee Williams']"
Lawrence of Arabia,(1962),8.3,$44.82M,"['Adventure, Biography, Drama']","['David Lean', ""Peter O'Toole"", 'Alec Guinness', 'Anthony Quinn', 'Jack Hawkins']"
Le fabuleux destin d'Amélie Poulain,(2001),8.3,$33.23M,"['Comedy, Romance']","['Jean-Pierre Jeunet', 'Audrey Tautou', 'Mathieu Kassovitz', 'Rufus', 'Lorella Cravotta']"
Singin' in the Rain,(1952),8.3,$8.82M,"['Comedy, Musical, Romance']","['Stanley Donen', 'Gene Kelly', 'Gene Kelly', ""Donald O'Connor"", 'Debbie Reynolds', 'Jean Hagen']"
Citizen Kane,(1941),8.3,$1.59M,"['Drama, Mystery']","['Orson Welles', 'Orson Welles', 'Joseph Cotten', 'Dorothy Comingore', 'Agnes Moorehead']"
Vertigo,(1958),8.3,$3.20M,"['Mystery, Romance, Thriller']","['Alfred Hitchcock', 'James Stewart', 'Kim Novak', 'Barbara Bel Geddes', 'Tom Helmore']"
North by Northwest,(1959),8.3,$13.28M,"['Action, Adventure, Mystery']","['Alfred Hitchcock', 'Cary Grant', 'Eva Marie Saint', 'James Mason', 'Jessie Royce Landis']"
The Sting,(1973),8.3,$159.60M,"['Comedy, Crime, Drama']","['George Roy Hill', 'Paul Newman', 'Robert Redford', 'Robert Shaw', 'Charles Durning']"
The Apartment,(1960),8.3,$18.60M,"['Comedy, Drama, Romance']","['Billy Wilder', 'Jack Lemmon', 'Shirley MacLaine', 'Fred MacMurray', 'Ray Walston']"
Indiana Jones and the Last Crusade,(1989),8.2,$197.17M,"['Action, Adventure']","['Steven Spielberg', 'Harrison Ford', 'Sean Connery', 'Alison Doody', 'Denholm Elliott']"
Jurassic Park,(1993),8.2,$402.45M,"['Action, Adventure, Sci-Fi']","['Steven Spielberg', 'Sam Neill', 'Laura Dern', 'Jeff Goldblum', 'Richard Attenborough']"
Batman Begins,(2005),8.2,$206.85M,"['Action, Crime, Drama']","['Christopher Nolan', 'Christian Bale', 'Michael Caine', 'Ken Watanabe', 'Liam Neeson']"
No Country for Old Men,(2007),8.2,$74.28M,"['Crime, Drama, Thriller']","['Ethan Coen', 'Joel Coen', 'Tommy Lee Jones', 'Javier Bardem', 'Josh Brolin', 'Woody Harrelson']"
There Will Be Blood,(2007),8.2,$40.22M,['Drama'],"['Paul Thomas Anderson', 'Daniel Day-Lewis', 'Paul Dano', 'Ciarán Hinds', 'Martin Stringer']"
Shutter Island,(2010),8.2,$128.01M,"['Mystery, Thriller']","['Martin Scorsese', 'Leonardo DiCaprio', 'Emily Mortimer', 'Mark Ruffalo', 'Ben Kingsley']"
Taxi Driver,(1976),8.2,$28.26M,"['Crime, Drama']","['Martin Scorsese', 'Robert De Niro', 'Jodie Foster', 'Cybill Shepherd', 'Albert Brooks']"
The Truman Show,(1998),8.2,$125.62M,"['Comedy, Drama']","['Peter Weir', 'Jim Carrey', 'Ed Harris', 'Laura Linney', 'Noah Emmerich']"
Die Hard,(1988),8.2,$83.01M,"['Action, Thriller']","['John McTiernan', 'Bruce Willis', 'Alan Rickman', 'Bonnie Bedelia', 'Reginald VelJohnson']"
Snatch,(2000),8.2,$30.33M,"['Comedy, Crime']","['Guy Ritchie', 'Jason Statham', 'Brad Pitt', 'Stephen Graham', 'Vinnie Jones']"
Casino,(1995),8.2,$42.44M,"['Crime, Drama']","['Martin Scorsese', 'Robert De Niro', 'Sharon Stone', 'Joe Pesci', 'James Woods']"
The Thing,(1982),8.2,$13.78M,"['Horror, Mystery, Sci-Fi']","['John Carpenter', 'Kurt Russell', 'Wilford Brimley', 'Keith David', 'Richard Masur']"
The Sixth Sense,(1999),8.2,$293.51M,"['Drama, Mystery, Thriller']","['M. Night Shyamalan', 'Bruce Willis', 'Haley Joel Osment', 'Toni Collette', 'Olivia Williams']"
Kill Bill: Vol. 1,(2003),8.2,$70.10M,"['Action, Crime, Thriller']","['Quentin Tarantino', 'Uma Thurman', 'David Carradine', 'Daryl Hannah', 'Michael Madsen']"
A Beautiful Mind,(2001),8.2,$170.74M,"['Biography, Drama']","['Ron Howard', 'Russell Crowe', 'Ed Harris', 'Jennifer Connelly', 'Christopher Plummer']"
L.A. Confidential,(1997),8.2,$64.62M,"['Crime, Drama, Mystery']","['Curtis Hanson', 'Kevin Spacey', 'Russell Crowe', 'Guy Pearce', 'Kim Basinger']"
Finding Nemo,(2003),8.2,$380.84M,"['Animation, Adventure, Comedy']","['Andrew Stanton', 'Lee Unkrich', 'Albert Brooks', 'Ellen DeGeneres', 'Alexander Gould', 'Willem Dafoe']"
V for Vendetta,(2005),8.2,$70.51M,"['Action, Drama, Sci-Fi']","['James McTeigue', 'Hugo Weaving', 'Natalie Portman', 'Rupert Graves', 'Stephen Rea']"
Gone with the Wind,(1939),8.2,$198.68M,"['Drama, Romance, War']","['Victor Fleming', 'George Cukor', 'Sam Wood', 'Clark Gable', 'Vivien Leigh', 'Thomas Mitchell', ""Barbara O'Neil""]"
Pan's Labyrinth,(2006),8.2,$37.63M,"['Drama, Fantasy, War']","['Guillermo del Toro', 'Ivana Baquero', 'Ariadna Gil', 'Sergi López', 'Maribel Verdú']"
Der Untergang,(2004),8.2,$5.51M,"['Biography, Drama, History']","['Oliver Hirschbiegel', 'Bruno Ganz', 'Alexandra Maria Lara', 'Ulrich Matthes', 'Juliane Köhler']"
Chinatown,(1974),8.2,,"['Drama, Mystery, Thriller']","['Roman Polanski', 'Jack Nicholson', 'Faye Dunaway', 'John Huston', 'Perry Lopez']"
Monty Python and the Holy Grail,(1975),8.2,$1.23M,"['Adventure, Comedy, Fantasy']","['Terry Gilliam', 'Terry Jones', 'Graham Chapman', 'John Cleese', 'Eric Idle', 'Terry Gilliam']"
Some Like It Hot,(1959),8.2,$25.00M,"['Comedy, Music, Romance']","['Billy Wilder', 'Marilyn Monroe', 'Tony Curtis', 'Jack Lemmon', 'George Raft']"
The Great Escape,(1963),8.2,$12.10M,"['Adventure, Drama, History']","['John Sturges', 'Steve McQueen', 'James Garner', 'Richard Attenborough', 'Charles Bronson']"
The Shawshank Redemption,(1994),9.3,$28.34M,['Drama'],"['Frank Darabont', 'Tim Robbins', 'Morgan Freeman', 'Bob Gunton', 'William Sadler']"
The Godfather,(1972),9.2,$134.97M,"['Crime, Drama']","['Francis Ford Coppola', 'Marlon Brando', 'Al Pacino', 'James Caan', 'Diane Keaton']"
The Dark Knight,(2008),9,$534.86M,"['Action, Crime, Drama']","['Christopher Nolan', 'Christian Bale', 'Heath Ledger', 'Aaron Eckhart', 'Michael Caine']"
Schindler's List,(1993),9,$96.90M,"['Biography, Drama, History']","['Steven Spielberg', 'Liam Neeson', 'Ralph Fiennes', 'Ben Kingsley', 'Caroline Goodall']"
12 Angry Men,(1957),9,$4.36M,"['Crime, Drama']","['Sidney Lumet', 'Henry Fonda', 'Lee J. Cobb', 'Martin Balsam', 'John Fiedler']"
The Lord of the Rings: The Return of the King,(2003),9,$377.85M,"['Action, Adventure, Drama']","['Peter Jackson', 'Elijah Wood', 'Viggo Mortensen', 'Ian McKellen', 'Orlando Bloom']"
The Godfather Part II,(1974),9,$57.30M,"['Crime, Drama']","['Francis Ford Coppola', 'Al Pacino', 'Robert De Niro', 'Robert Duvall', 'Diane Keaton']"
Pulp Fiction,(1994),8.9,$107.93M,"['Crime, Drama']","['Quentin Tarantino', 'John Travolta', 'Uma Thurman', 'Samuel L. Jackson', 'Bruce Willis']"
Inception,(2010),8.8,$292.58M,"['Action, Adventure, Sci-Fi']","['Christopher Nolan', 'Leonardo DiCaprio', 'Joseph Gordon-Levitt', 'Elliot Page', 'Ken Watanabe']"
The Lord of the Rings: The Fellowship of the Ring,(2001),8.8,$315.54M,"['Action, Adventure, Drama']","['Peter Jackson', 'Elijah Wood', 'Ian McKellen', 'Orlando Bloom', 'Sean Bean']"
Fight Club,(1999),8.8,$37.03M,['Drama'],"['David Fincher', 'Brad Pitt', 'Edward Norton', 'Meat Loaf', 'Zach Grenier']"
Forrest Gump,(1994),8.8,$330.25M,"['Drama, Romance']","['Robert Zemeckis', 'Tom Hanks', 'Robin Wright', 'Gary Sinise', 'Sally Field']"
"Il buono, il brutto, il cattivo",(1966),8.8,$6.10M,"['Adventure, Western']","['Sergio Leone', 'Clint Eastwood', 'Eli Wallach', 'Lee Van Cleef', 'Aldo Giuffrè']"
The Lord of the Rings: The Two Towers,(2002),8.8,$342.55M,"['Action, Adventure, Drama']","['Peter Jackson', 'Elijah Wood', 'Ian McKellen', 'Viggo Mortensen', 'Orlando Bloom']"
Interstellar,(2014),8.7,$188.02M,"['Adventure, Drama, Sci-Fi']","['Christopher Nolan', 'Matthew McConaughey', 'Anne Hathaway', 'Jessica Chastain', 'Mackenzie Foy']"
GoodFellas,(1990),8.7,$46.84M,"['Biography, Crime, Drama']","['Martin Scorsese', 'Robert De Niro', 'Ray Liotta', 'Joe Pesci', 'Lorraine Bracco']"
The Matrix,(1999),8.7,$171.48M,"['Action, Sci-Fi']","['Lana Wachowski', 'Lilly Wachowski', 'Keanu Reeves', 'Laurence Fishburne', 'Carrie-Anne Moss', 'Hugo Weaving']"
One Flew Over the Cuckoo's Nest,(1975),8.7,$112.00M,['Drama'],"['Milos Forman', 'Jack Nicholson', 'Louise Fletcher', 'Michael Berryman', 'Peter Brocco']"
Star Wars: Episode V - The Empire Strikes Back,(1980),8.7,$290.48M,"['Action, Adventure, Fantasy']","['Irvin Kershner', 'Mark Hamill', 'Harrison Ford', 'Carrie Fisher', 'Billy Dee Williams']"
Se7en,(1995),8.6,$100.13M,"['Crime, Drama, Mystery']","['David Fincher', 'Morgan Freeman', 'Brad Pitt', 'Kevin Spacey', 'Andrew Kevin Walker']"
Saving Private Ryan,(1998),8.6,$216.54M,"['Drama, War']","['Steven Spielberg', 'Tom Hanks', 'Matt Damon', 'Tom Sizemore', 'Edward Burns']"
The Silence of the Lambs,(1991),8.6,$130.74M,"['Crime, Drama, Thriller']","['Jonathan Demme', 'Jodie Foster', 'Anthony Hopkins', 'Lawrence A. Bonney', 'Kasi Lemmons']"
Terminator 2: Judgment Day,(1991),8.6,$204.84M,"['Action, Sci-Fi']","['James Cameron', 'Arnold Schwarzenegger', 'Linda Hamilton', 'Edward Furlong', 'Robert Patrick']"
The Green Mile,(1999),8.6,$136.80M,"['Crime, Drama, Fantasy']","['Frank Darabont', 'Tom Hanks', 'Michael Clarke Duncan', 'David Morse', 'Bonnie Hunt']"
Star Wars,(1977),8.6,$322.74M,"['Action, Adventure, Fantasy']","['George Lucas', 'Mark Hamill', 'Harrison Ford', 'Carrie Fisher', 'Alec Guinness']"
Cidade de Deus,(2002),8.6,$7.56M,"['Crime, Drama']","['Fernando Meirelles', 'Kátia Lund', 'Alexandre Rodrigues', 'Leandro Firmino', 'Matheus Nachtergaele', 'Phellipe Haagensen']"
La vita è bella,(1997),8.6,$57.60M,"['Comedy, Drama, Romance']","['Roberto Benigni', 'Roberto Benigni', 'Nicoletta Braschi', 'Giorgio Cantarini', 'Giustino Durano']"
The Prestige,(2006),8.5,$53.09M,"['Drama, Mystery, Sci-Fi']","['Christopher Nolan', 'Christian Bale', 'Hugh Jackman', 'Scarlett Johansson', 'Michael Caine']"
The Departed,(2006),8.5,$132.38M,"['Crime, Drama, Thriller']","['Martin Scorsese', 'Leonardo DiCaprio', 'Matt Damon', 'Jack Nicholson', 'Mark Wahlberg']"
Gladiator,(2000),8.5,$187.71M,"['Action, Adventure, Drama']","['Ridley Scott', 'Russell Crowe', 'Joaquin Phoenix', 'Connie Nielsen', 'Oliver Reed']"
Alien,(1979),8.5,$78.90M,"['Horror, Sci-Fi']","['Ridley Scott', 'Sigourney Weaver', 'Tom Skerritt', 'John Hurt', 'Veronica Cartwright']"
Back to the Future,(1985),8.5,$210.61M,"['Adventure, Comedy, Sci-Fi']","['Robert Zemeckis', 'Michael J. Fox', 'Christopher Lloyd', 'Lea Thompson', 'Crispin Glover']"
Léon,(1994),8.5,$19.50M,"['Action, Crime, Drama']","['Luc Besson', 'Jean Reno', 'Gary Oldman', 'Natalie Portman', 'Danny Aiello']"
The Pianist,(2002),8.5,$32.57M,"['Biography, Drama, Music']","['Roman Polanski', 'Adrien Brody', 'Thomas Kretschmann', 'Frank Finlay', 'Emilia Fox']"
The Usual Suspects,(1995),8.5,$23.34M,"['Crime, Drama, Mystery']","['Bryan Singer', 'Kevin Spacey', 'Gabriel Byrne', 'Chazz Palminteri', 'Stephen Baldwin']"
The Lion King,(1994),8.5,$422.78M,"['Animation, Adventure, Drama']","['Roger Allers', 'Rob Minkoff', 'Matthew Broderick', 'Jeremy Irons', 'James Earl Jones', 'Whoopi Goldberg']"
American History X,(1998),8.5,$6.72M,"['Crime, Drama']","['Tony Kaye', 'Edward Norton', 'Edward Furlong', ""Beverly D'Angelo"", 'Jennifer Lien']"
The Intouchables,(2011),8.5,$13.18M,"['Biography, Comedy, Drama']","['Olivier Nakache', 'Éric Toledano', 'François Cluzet', 'Omar Sy', 'Anne Le Ny', 'Audrey Fleurot']"
Casablanca,(1942),8.5,$1.02M,"['Drama, Romance, War']","['Michael Curtiz', 'Humphrey Bogart', 'Ingrid Bergman', 'Paul Henreid', 'Claude Rains']"
Psycho,(1960),8.5,$32.00M,"['Horror, Mystery, Thriller']","['Alfred Hitchcock', 'Anthony Perkins', 'Janet Leigh', 'Vera Miles', 'John Gavin']"
Once Upon a Time in the West,(1968),8.5,$5.32M,['Western'],"['Sergio Leone', 'Henry Fonda', 'Charles Bronson', 'Claudia Cardinale', 'Jason Robards']"
Rear Window,(1954),8.5,$36.76M,"['Mystery, Thriller']","['Alfred Hitchcock', 'James Stewart', 'Grace Kelly', 'Wendell Corey', 'Thelma Ritter']"
Modern Times,(1936),8.5,$0.16M,,"['Charles Chaplin', 'Charles Chaplin', 'Paulette Goddard', 'Henry Bergman', 'Tiny Sandford']"
City Lights,(1931),8.5,$0.02M,"['Comedy, Drama, Romance']","['Charles Chaplin', 'Charles Chaplin', 'Virginia Cherrill', 'Florence Lee', 'Harry Myers']"
Raiders of the Lost Ark,(1981),8.4,$248.16M,"['Action, Adventure']","['Steven Spielberg', 'Harrison Ford', 'Karen Allen', 'Paul Freeman', 'John Rhys-Davies']"
Memento,(2000),8.4,$25.54M,"['Mystery, Thriller']","['Christopher Nolan', 'Guy Pearce', 'Carrie-Anne Moss', 'Joe Pantoliano', 'Mark Boone Junior']"
The Dark Knight Rises,(2012),8.4,$448.14M,"['Action, Drama, Thriller']","['Christopher Nolan', 'Christian Bale', 'Tom Hardy', 'Anne Hathaway', 'Gary Oldman']"
Django Unchained,(2012),8.4,$162.81M,"['Drama, Western']","['Quentin Tarantino', 'Jamie Foxx', 'Christoph Waltz', 'Leonardo DiCaprio', 'Kerry Washington']"
Aliens,(1986),8.4,$85.16M,"['Action, Adventure, Sci-Fi']","['James Cameron', 'Sigourney Weaver', 'Michael Biehn', 'Carrie Henn', 'Paul Reiser']"
The Shining,(1980),8.4,$44.02M,"['Drama, Horror']","['Stanley Kubrick', 'Jack Nicholson', 'Shelley Duvall', 'Danny Lloyd', 'Scatman Crothers']"
Apocalypse Now,(1979),8.4,$83.47M,"['Drama, Mystery, War']","['Francis Ford Coppola', 'Martin Sheen', 'Marlon Brando', 'Robert Duvall', 'Frederic Forrest']"
WALL·E,(2008),8.4,$223.81M,"['Animation, Adventure, Family']","['Andrew Stanton', 'Ben Burtt', 'Elissa Knight', 'Jeff Garlin', 'Fred Willard']"
The Lives of Others,(2006),8.4,$11.29M,"['Drama, Mystery, Thriller']","['Florian Henckel von Donnersmarck', 'Ulrich Mühe', 'Martina Gedeck', 'Sebastian Koch', 'Ulrich Tukur']"
Das Boot,(1981),8.4,$11.49M,"['Drama, War']","['Wolfgang Petersen', 'Jürgen Prochnow', 'Herbert Grönemeyer', 'Klaus Wennemann', 'Hubertus Bengsch']"
Inglourious Basterds,(2009),8.3,$120.54M,"['Adventure, Drama, War']","['Quentin Tarantino', 'Brad Pitt', 'Diane Kruger', 'Eli Roth', 'Mélanie Laurent']"
Heat,(1995),8.3,$67.44M,"['Action, Crime, Drama']","['Michael Mann', 'Al Pacino', 'Robert De Niro', 'Val Kilmer', 'Jon Voight']"
American Beauty,(1999),8.3,$130.10M,['Drama'],"['Sam Mendes', 'Kevin Spacey', 'Annette Bening', 'Thora Birch', 'Wes Bentley']"
Requiem for a Dream,(2000),8.3,$3.64M,['Drama'],"['Darren Aronofsky', 'Ellen Burstyn', 'Jared Leto', 'Jennifer Connelly', 'Marlon Wayans']"
Good Will Hunting,(1997),8.3,$138.43M,"['Drama, Romance']","['Gus Van Sant', 'Robin Williams', 'Matt Damon', 'Ben Affleck', 'Stellan Skarsgård']"
Scarface,(1983),8.3,$45.60M,"['Crime, Drama']","['Brian De Palma', 'Al Pacino', 'Michelle Pfeiffer', 'Steven Bauer', 'Mary Elizabeth Mastrantonio']"
2001: A Space Odyssey,(1968),8.3,$56.95M,"['Adventure, Sci-Fi']","['Stanley Kubrick', 'Keir Dullea', 'Gary Lockwood', 'William Sylvester', 'Daniel Richter']"
Braveheart,(1995),8.3,$75.60M,"['Biography, Drama, History']","['Mel Gibson', 'Mel Gibson', 'Sophie Marceau', 'Patrick McGoohan', 'Angus Macfadyen']"
Eternal Sunshine of the Spotless Mind,(2004),8.3,$34.40M,"['Drama, Romance, Sci-Fi']","['Michel Gondry', 'Jim Carrey', 'Kate Winslet', 'Tom Wilkinson', 'Gerry Robert Byrne']"
A Clockwork Orange,(1971),8.3,$6.21M,"['Crime, Sci-Fi']","['Stanley Kubrick', 'Malcolm McDowell', 'Patrick Magee', 'Michael Bates', 'Warren Clarke']"
Reservoir Dogs,(1992),8.3,$2.83M,"['Crime, Thriller']","['Quentin Tarantino', 'Harvey Keitel', 'Tim Roth', 'Michael Madsen', 'Chris Penn']"
Full Metal Jacket,(1987),8.3,$46.36M,"['Drama, War']","['Stanley Kubrick', 'Matthew Modine', 'R. Lee Ermey', ""Vincent D'Onofrio"", 'Adam Baldwin']"
Star Wars: Episode VI - Return of the Jedi,(1983),8.3,$309.13M,"['Action, Adventure, Fantasy']","['Richard Marquand', 'Mark Hamill', 'Harrison Ford', 'Carrie Fisher', 'Billy Dee Williams']"
Lawrence of Arabia,(1962),8.3,$44.82M,"['Adventure, Biography, Drama']","['David Lean', ""Peter O'Toole"", 'Alec Guinness', 'Anthony Quinn', 'Jack Hawkins']"
Le fabuleux destin d'Amélie Poulain,(2001),8.3,$33.23M,"['Comedy, Romance']","['Jean-Pierre Jeunet', 'Audrey Tautou', 'Mathieu Kassovitz', 'Rufus', 'Lorella Cravotta']"
Singin' in the Rain,(1952),8.3,$8.82M,"['Comedy, Musical, Romance']","['Stanley Donen', 'Gene Kelly', 'Gene Kelly', ""Donald O'Connor"", 'Debbie Reynolds', 'Jean Hagen']"
Citizen Kane,(1941),8.3,$1.59M,"['Drama, Mystery']","['Orson Welles', 'Orson Welles', 'Joseph Cotten', 'Dorothy Comingore', 'Agnes Moorehead']"
Vertigo,(1958),8.3,$3.20M,"['Mystery, Romance, Thriller']","['Alfred Hitchcock', 'James Stewart', 'Kim Novak', 'Barbara Bel Geddes', 'Tom Helmore']"
North by Northwest,(1959),8.3,$13.28M,"['Action, Adventure, Mystery']","['Alfred Hitchcock', 'Cary Grant', 'Eva Marie Saint', 'James Mason', 'Jessie Royce Landis']"
The Sting,(1973),8.3,$159.60M,"['Comedy, Crime, Drama']","['George Roy Hill', 'Paul Newman', 'Robert Redford', 'Robert Shaw', 'Charles Durning']"
The Apartment,(1960),8.3,$18.60M,"['Comedy, Drama, Romance']","['Billy Wilder', 'Jack Lemmon', 'Shirley MacLaine', 'Fred MacMurray', 'Ray Walston']"
Indiana Jones and the Last Crusade,(1989),8.2,$197.17M,"['Action, Adventure']","['Steven Spielberg', 'Harrison Ford', 'Sean Connery', 'Alison Doody', 'Denholm Elliott']"
Jurassic Park,(1993),8.2,$402.45M,"['Action, Adventure, Sci-Fi']","['Steven Spielberg', 'Sam Neill', 'Laura Dern', 'Jeff Goldblum', 'Richard Attenborough']"
Batman Begins,(2005),8.2,$206.85M,"['Action, Crime, Drama']","['Christopher Nolan', 'Christian Bale', 'Michael Caine', 'Ken Watanabe', 'Liam Neeson']"
No Country for Old Men,(2007),8.2,$74.28M,"['Crime, Drama, Thriller']","['Ethan Coen', 'Joel Coen', 'Tommy Lee Jones', 'Javier Bardem', 'Josh Brolin', 'Woody Harrelson']"
There Will Be Blood,(2007),8.2,$40.22M,['Drama'],"['Paul Thomas Anderson', 'Daniel Day-Lewis', 'Paul Dano', 'Ciarán Hinds', 'Martin Stringer']"
Shutter Island,(2010),8.2,$128.01M,"['Mystery, Thriller']","['Martin Scorsese', 'Leonardo DiCaprio', 'Emily Mortimer', 'Mark Ruffalo', 'Ben Kingsley']"
Taxi Driver,(1976),8.2,$28.26M,"['Crime, Drama']","['Martin Scorsese', 'Robert De Niro', 'Jodie Foster', 'Cybill Shepherd', 'Albert Brooks']"
The Truman Show,(1998),8.2,$125.62M,"['Comedy, Drama']","['Peter Weir', 'Jim Carrey', 'Ed Harris', 'Laura Linney', 'Noah Emmerich']"
Die Hard,(1988),8.2,$83.01M,"['Action, Thriller']","['John McTiernan', 'Bruce Willis', 'Alan Rickman', 'Bonnie Bedelia', 'Reginald VelJohnson']"
Snatch,(2000),8.2,$30.33M,"['Comedy, Crime']","['Guy Ritchie', 'Jason Statham', 'Brad Pitt', 'Stephen Graham', 'Vinnie Jones']"
Casino,(1995),8.2,$42.44M,"['Crime, Drama']","['Martin Scorsese', 'Robert De Niro', 'Sharon Stone', 'Joe Pesci', 'James Woods']"
The Thing,(1982),8.2,$13.78M,"['Horror, Mystery, Sci-Fi']","['John Carpenter', 'Kurt Russell', 'Wilford Brimley', 'Keith David', 'Richard Masur']"
The Sixth Sense,(1999),8.2,$293.51M,"['Drama, Mystery, Thriller']","['M. Night Shyamalan', 'Bruce Willis', 'Haley Joel Osment', 'Toni Collette', 'Olivia Williams']"
Kill Bill: Vol. 1,(2003),8.2,$70.10M,"['Action, Crime, Thriller']","['Quentin Tarantino', 'Uma Thurman', 'David Carradine', 'Daryl Hannah', 'Michael Madsen']"
A Beautiful Mind,(2001),8.2,$170.74M,"['Biography, Drama']","['Ron Howard', 'Russell Crowe', 'Ed Harris', 'Jennifer Connelly', 'Christopher Plummer']"
L.A. Confidential,(1997),8.2,$64.62M,"['Crime, Drama, Mystery']","['Curtis Hanson', 'Kevin Spacey', 'Russell Crowe', 'Guy Pearce', 'Kim Basinger']"
Finding Nemo,(2003),8.2,$380.84M,"['Animation, Adventure, Comedy']","['Andrew Stanton', 'Lee Unkrich', 'Albert Brooks', 'Ellen DeGeneres', 'Alexander Gould', 'Willem Dafoe']"
V for Vendetta,(2005),8.2,$70.51M,"['Action, Drama, Sci-Fi']","['James McTeigue', 'Hugo Weaving', 'Natalie Portman', 'Rupert Graves', 'Stephen Rea']"
Gone with the Wind,(1939),8.2,$198.68M,"['Drama, Romance, War']","['Victor Fleming', 'George Cukor', 'Sam Wood', 'Clark Gable', 'Vivien Leigh', 'Thomas Mitchell', ""Barbara O'Neil""]"
Pan's Labyrinth,(2006),8.2,$37.63M,"['Drama, Fantasy, War']","['Guillermo del Toro', 'Ivana Baquero', 'Ariadna Gil', 'Sergi López', 'Maribel Verdú']"
Der Untergang,(2004),8.2,$5.51M,"['Biography, Drama, History']","['Oliver Hirschbiegel', 'Bruno Ganz', 'Alexandra Maria Lara', 'Ulrich Matthes', 'Juliane Köhler']"
Chinatown,(1974),8.2,,"['Drama, Mystery, Thriller']","['Roman Polanski', 'Jack Nicholson', 'Faye Dunaway', 'John Huston', 'Perry Lopez']"
Monty Python and the Holy Grail,(1975),8.2,$1.23M,"['Adventure, Comedy, Fantasy']","['Terry Gilliam', 'Terry Jones', 'Graham Chapman', 'John Cleese', 'Eric Idle', 'Terry Gilliam']"
Some Like It Hot,(1959),8.2,$25.00M,"['Comedy, Music, Romance']","['Billy Wilder', 'Marilyn Monroe', 'Tony Curtis', 'Jack Lemmon', 'George Raft']"
The Great Escape,(1963),8.2,$12.10M,"['Adventure, Drama, History']","['John Sturges', 'Steve McQueen', 'James Garner', 'Richard Attenborough', 'Charles Bronson']"
El secreto de sus ojos,(2009),8.2,$6.39M,"['Drama, Mystery, Romance']","['Juan José Campanella', 'Ricardo Darín', 'Soledad Villamil', 'Pablo Rago', 'Carla Quevedo']"
The Elephant Man,(1980),8.2,,"['Biography, Drama']","['David Lynch', 'Anthony Hopkins', 'John Hurt', 'Anne Bancroft', 'John Gielgud']"
The Treasure of the Sierra Madre,(1948),8.2,$5.01M,,"['John Huston', 'Humphrey Bogart', 'Walter Huston', 'Tim Holt', 'Bruce Bennett']"
Jaws,(1975),8.1,$260.00M,"['Adventure, Mystery, Thriller']","['Steven Spielberg', 'Roy Scheider', 'Robert Shaw', 'Richard Dreyfuss', 'Lorraine Gary']"
Prisoners,(2013),8.1,$61.00M,"['Crime, Drama, Mystery']","['Denis Villeneuve', 'Hugh Jackman', 'Jake Gyllenhaal', 'Viola Davis', 'Melissa Leo']"
Pirates of the Caribbean: The Curse of the Black Pearl,(2003),8.1,$305.41M,"['Action, Adventure, Fantasy']","['Gore Verbinski', 'Johnny Depp', 'Geoffrey Rush', 'Orlando Bloom', 'Keira Knightley']"
Mad Max: Fury Road,(2015),8.1,$154.06M,"['Action, Adventure, Sci-Fi']","['George Miller', 'Tom Hardy', 'Charlize Theron', 'Nicholas Hoult', 'Zoë Kravitz']"
Blade Runner,(1982),8.1,$32.87M,"['Action, Drama, Sci-Fi']","['Ridley Scott', 'Harrison Ford', 'Rutger Hauer', 'Sean Young', 'Edward James Olmos']"
The Terminator,(1984),8.1,$38.40M,"['Action, Sci-Fi']","['James Cameron', 'Arnold Schwarzenegger', 'Linda Hamilton', 'Michael Biehn', 'Paul Winfield']"
Stand by Me,(1986),8.1,$52.29M,"['Adventure, Drama']","['Rob Reiner', 'Wil Wheaton', 'River Phoenix', 'Corey Feldman', ""Jerry O'Connell""]"
Catch Me If You Can,(2002),8.1,$164.62M,"['Biography, Crime, Drama']","['Steven Spielberg', 'Leonardo DiCaprio', 'Tom Hanks', 'Christopher Walken', 'Martin Sheen']"
The Wizard of Oz,(1939),8.1,$2.08M,"['Adventure, Family, Fantasy']","['Victor Fleming', 'George Cukor', 'Mervyn LeRoy', 'Norman Taurog', 'Richard Thorpe', 'King Vidor', 'Judy Garland', 'Frank Morgan', 'Ray Bolger', 'Bert Lahr']"
The Big Lebowski,(1998),8.1,$17.50M,"['Comedy, Crime']","['Joel Coen', 'Ethan Coen', 'Jeff Bridges', 'John Goodman', 'Julianne Moore', 'Steve Buscemi']"
Cool Hand Luke,(1967),8.1,$16.22M,"['Crime, Drama']","['Stuart Rosenberg', 'Paul Newman', 'George Kennedy', 'Strother Martin', 'J.D. Cannon']"
The Exorcist,(1973),8.1,$232.91M,['Horror'],"['William Friedkin', 'Ellen Burstyn', 'Max von Sydow', 'Linda Blair', 'Lee J. Cobb']"
Ratatouille,(2007),8.1,$206.45M,"['Animation, Adventure, Comedy']","['Brad Bird', 'Jan Pinkava', 'Brad Garrett', 'Lou Romano', 'Patton Oswalt', 'Ian Holm']"
Fargo,(1996),8.1,$24.61M,"['Crime, Thriller']","['Joel Coen', 'Ethan Coen', 'William H. Macy', 'Frances McDormand', 'Steve Buscemi', 'Peter Stormare']"
Dead Poets Society,(1989),8.1,$95.86M,"['Comedy, Drama']","['Peter Weir', 'Robin Williams', 'Robert Sean Leonard', 'Ethan Hawke', 'Josh Charles']"
Rocky,(1976),8.1,$117.24M,"['Drama, Sport']","['John G. Avildsen', 'Sylvester Stallone', 'Talia Shire', 'Burt Young', 'Carl Weathers']"
Trainspotting,(1996),8.1,$16.50M,['Drama'],"['Danny Boyle', 'Ewan McGregor', 'Ewen Bremner', 'Jonny Lee Miller', 'Kevin McKidd']"
"Monsters, Inc.",(2001),8.1,$289.92M,"['Animation, Adventure, Comedy']","['Pete Docter', 'David Silverman', 'Lee Unkrich', 'Billy Crystal', 'John Goodman', 'Mary Gibbs', 'Steve Buscemi']"
Platoon,(1986),8.1,$138.53M,"['Drama, War']","['Oliver Stone', 'Charlie Sheen', 'Tom Berenger', 'Willem Dafoe', 'Keith David']"
The Deer Hunter,(1978),8.1,$48.98M,"['Drama, War']","['Michael Cimino', 'Robert De Niro', 'Christopher Walken', 'John Cazale', 'John Savage']"
"Lock, Stock and Two Smoking Barrels",(1998),8.1,$3.90M,"['Action, Comedy, Crime']","['Guy Ritchie', 'Jason Flemyng', 'Dexter Fletcher', 'Nick Moran', 'Jason Statham']"
12 Years a Slave,(2013),8.1,$56.67M,"['Biography, Drama, History']","['Steve McQueen', 'Chiwetel Ejiofor', 'Michael Kenneth Williams', 'Michael Fassbender', 'Brad Pitt']"
Raging Bull,(1980),8.1,$23.38M,"['Biography, Drama, Sport']","['Martin Scorsese', 'Robert De Niro', 'Cathy Moriarty', 'Joe Pesci', 'Frank Vincent']"
Gran Torino,(2008),8.1,$148.10M,['Drama'],"['Clint Eastwood', 'Clint Eastwood', 'Bee Vang', 'Christopher Carley', 'Ahney Her']"
Million Dollar Baby,(2004),8.1,$100.49M,"['Drama, Sport']","['Clint Eastwood', 'Hilary Swank', 'Clint Eastwood', 'Morgan Freeman', 'Jay Baruchel']"
Ben-Hur,(1959),8.1,$74.70M,"['Adventure, Drama']","['William Wyler', 'Charlton Heston', 'Jack Hawkins', 'Stephen Boyd', 'Haya Harareet']"
The Third Man,(1949),8.1,$0.45M,"['Film-Noir, Mystery, Thriller']","['Carol Reed', 'Orson Welles', 'Joseph Cotten', 'Alida Valli', 'Trevor Howard']"
The Bridge on the River Kwai,(1957),8.1,$44.91M,"['Adventure, Drama, War']","['David Lean', 'William Holden', 'Alec Guinness', 'Jack Hawkins', 'Sessue Hayakawa']"
Amores perros,(2000),8.1,$5.38M,"['Drama, Thriller']","['Alejandro G. Iñárritu', 'Emilio Echevarría', 'Gael García Bernal', 'Goya Toledo', 'Álvaro Guerrero']"
Hotel Rwanda,(2004),8.1,$23.53M,"['Biography, Drama, History']","['Terry George', 'Don Cheadle', 'Sophie Okonedo', 'Joaquin Phoenix', 'Xolani Mali']"
Black Swan,(2010),8,$106.95M,"['Drama, Thriller']","['Darren Aronofsky', 'Natalie Portman', 'Mila Kunis', 'Vincent Cassel', 'Winona Ryder']"
Donnie Darko,(2001),8,$1.48M,"['Drama, Mystery, Sci-Fi']","['Richard Kelly', 'Jake Gyllenhaal', 'Jena Malone', 'Mary McDonnell', 'Holmes Osborne']"
Rain Man,(1988),8,$178.80M,['Drama'],"['Barry Levinson', 'Dustin Hoffman', 'Tom Cruise', 'Valeria Golino', 'Gerald R. Molen']"
Casino Royale,(2006),8,$167.45M,"['Action, Adventure, Thriller']","['Martin Campbell', 'Daniel Craig', 'Eva Green', 'Judi Dench', 'Jeffrey Wright']"
Magnolia,(1999),8,$22.46M,['Drama'],"['Paul Thomas Anderson', 'Tom Cruise', 'Jason Robards', 'Julianne Moore', 'Philip Seymour Hoffman']"
Sin City,(2005),8,$74.10M,"['Crime, Thriller']","['Frank Miller', 'Quentin Tarantino', 'Robert Rodriguez', 'Mickey Rourke', 'Clive Owen', 'Bruce Willis', 'Jessica Alba']"
JFK,(1991),8,$70.41M,"['Drama, History, Thriller']","['Oliver Stone', 'Kevin Costner', 'Gary Oldman', 'Jack Lemmon', 'Walter Matthau']"
Scent of a Woman,(1992),8,$63.90M,['Drama'],"['Martin Brest', 'Al Pacino', ""Chris O'Donnell"", 'James Rebhorn', 'Gabrielle Anwar']"
Big Fish,(2003),8,$66.26M,"['Adventure, Drama, Fantasy']","['Tim Burton', 'Ewan McGregor', 'Albert Finney', 'Billy Crudup', 'Jessica Lange']"
Dances with Wolves,(1990),8,$184.21M,"['Adventure, Drama, Western']","['Kevin Costner', 'Kevin Costner', 'Mary McDonnell', 'Graham Greene', 'Rodney A. Grant']"
Groundhog Day,(1993),8,$70.91M,"['Comedy, Drama, Fantasy']","['Harold Ramis', 'Bill Murray', 'Andie MacDowell', 'Chris Elliott', 'Stephen Tobolowsky']"
Twelve Monkeys,(1995),8,$57.14M,"['Mystery, Sci-Fi, Thriller']","['Terry Gilliam', 'Bruce Willis', 'Madeleine Stowe', 'Brad Pitt', 'Joseph Melito']"
Blood Diamond,(2006),8,$57.37M,"['Adventure, Drama, Thriller']","['Edward Zwick', 'Leonardo DiCaprio', 'Djimon Hounsou', 'Jennifer Connelly', 'Kagiso Kuypers']"
Rosemary's Baby,(1968),8,,"['Drama, Horror']","['Roman Polanski', 'Mia Farrow', 'John Cassavetes', 'Ruth Gordon', 'Sidney Blackmer']"
The King's Speech,(2010),8,$138.80M,"['Biography, Drama, History']","['Tom Hooper', 'Colin Firth', 'Geoffrey Rush', 'Helena Bonham Carter', 'Derek Jacobi']"
Slumdog Millionaire,(2008),8,$141.32M,"['Crime, Drama, Romance']","['Danny Boyle', 'Loveleen Tandan', 'Dev Patel', 'Freida Pinto', 'Saurabh Shukla', 'Anil Kapoor']"
Kill Bill: Vol. 2,(2004),8,$66.21M,"['Action, Crime, Thriller']","['Quentin Tarantino', 'Uma Thurman', 'David Carradine', 'Michael Madsen', 'Daryl Hannah']"
Dogville,(2003),8,$1.53M,"['Crime, Drama']","['Lars von Trier', 'Nicole Kidman', 'Paul Bettany', 'Lauren Bacall', 'Harriet Andersson']"
The Bourne Ultimatum,(2007),8,$227.47M,"['Action, Mystery, Thriller']","['Paul Greengrass', 'Matt Damon', 'Edgar Ramírez', 'Joan Allen', 'Julia Stiles']"
Papillon,(1973),8,$53.27M,"['Biography, Crime, Drama']","['Franklin J. Schaffner', 'Steve McQueen', 'Dustin Hoffman', 'Victor Jory', 'Don Gordon']"
Rio Bravo,(1959),8,$12.54M,,"['Howard Hawks', 'John Wayne', 'Dean Martin', 'Ricky Nelson', 'Angie Dickinson']"
8½,(1963),8,$0.05M,,"['Federico Fellini', 'Marcello Mastroianni', 'Anouk Aimée', 'Claudia Cardinale', 'Sandra Milo']"
Who's Afraid of Virginia Woolf?,(1966),8,,['Drama'],"['Mike Nichols', 'Elizabeth Taylor', 'Richard Burton', 'George Segal', 'Sandy Dennis']"
Mar adentro,(I) (2004),8,$2.09M,"['Biography, Drama']","['Alejandro Amenábar', 'Javier Bardem', 'Belén Rueda', 'Lola Dueñas', 'Mabel Rivera']"
Titanic,(1997),7.9,$659.33M,"['Drama, Romance']","['James Cameron', 'Leonardo DiCaprio', 'Kate Winslet', 'Billy Zane', 'Kathy Bates']"
Avatar,(2009),7.9,$760.51M,"['Action, Adventure, Fantasy']","['James Cameron', 'Sam Worthington', 'Zoe Saldana', 'Sigourney Weaver', 'Michelle Rodriguez']"
Iron Man,(2008),7.9,$318.41M,"['Action, Adventure, Sci-Fi']","['Jon Favreau', 'Robert Downey Jr.', 'Gwyneth Paltrow', 'Terrence Howard', 'Jeff Bridges']"
True Romance,(1993),7.9,$12.28M,"['Crime, Drama, Romance']","['Tony Scott', 'Christian Slater', 'Patricia Arquette', 'Dennis Hopper', 'Val Kilmer']"
Mulholland Dr.,(2001),7.9,$7.22M,"['Drama, Mystery, Thriller']","['David Lynch', 'Naomi Watts', 'Laura Harring', 'Justin Theroux', 'Jeanne Bates']"
Boogie Nights,(1997),7.9,$26.40M,['Drama'],"['Paul Thomas Anderson', 'Mark Wahlberg', 'Julianne Moore', 'Burt Reynolds', 'Luis Guzmán']"
Shaun of the Dead,(2004),7.9,$13.54M,"['Comedy, Horror']","['Edgar Wright', 'Simon Pegg', 'Nick Frost', 'Kate Ashfield', 'Lucy Davis']"
Shrek,(2001),7.9,$267.67M,"['Animation, Adventure, Comedy']","['Andrew Adamson', 'Vicky Jenson', 'Mike Myers', 'Eddie Murphy', 'Cameron Diaz', 'John Lithgow']"
E.T. the Extra-Terrestrial,(1982),7.9,$435.11M,"['Adventure, Family, Sci-Fi']","['Steven Spielberg', 'Henry Thomas', 'Drew Barrymore', 'Peter Coyote', 'Dee Wallace']"
X-Men: Days of Future Past,(2014),7.9,$233.92M,"['Action, Adventure, Sci-Fi']","['Bryan Singer', 'Patrick Stewart', 'Ian McKellen', 'Hugh Jackman', 'James McAvoy']"
Mystic River,(2003),7.9,$90.14M,"['Crime, Drama, Mystery']","['Clint Eastwood', 'Sean Penn', 'Tim Robbins', 'Kevin Bacon', 'Emmy Rossum']"
District 9,(2009),7.9,$115.65M,"['Action, Sci-Fi, Thriller']","['Neill Blomkamp', 'Sharlto Copley', 'David James', 'Jason Cope', 'Nathalie Boltt']"
The Bourne Identity,(2002),7.9,$121.66M,"['Action, Mystery, Thriller']","['Doug Liman', 'Franka Potente', 'Matt Damon', 'Chris Cooper', 'Clive Owen']"
Children of Men,(2006),7.9,$35.55M,"['Action, Drama, Sci-Fi']","['Alfonso Cuarón', 'Julianne Moore', 'Clive Owen', 'Chiwetel Ejiofor', 'Michael Caine']"
The Blues Brothers,(1980),7.9,$57.23M,"['Action, Adventure, Comedy']","['John Landis', 'John Belushi', 'Dan Aykroyd', 'Cab Calloway', 'John Candy']"
Edward Scissorhands,(1990),7.9,$56.36M,"['Drama, Fantasy, Romance']","['Tim Burton', 'Johnny Depp', 'Winona Ryder', 'Dianne Wiest', 'Anthony Michael Hall']"
The Big Sleep,(1946),7.9,$6.54M,,"['Howard Hawks', 'Humphrey Bogart', 'Lauren Bacall', 'John Ridgely', 'Martha Vickers']"
Life of Pi,(2012),7.9,$124.99M,"['Adventure, Drama, Fantasy']","['Ang Lee', 'Suraj Sharma', 'Irrfan Khan', 'Adil Hussain', 'Tabu']"
Spartacus,(1960),7.9,$30.00M,"['Adventure, Biography, Drama']","['Stanley Kubrick', 'Anthony Mann', 'Kirk Douglas', 'Laurence Olivier', 'Jean Simmons', 'Charles Laughton']"
Carlito's Way,(1993),7.9,$36.95M,"['Crime, Drama, Thriller']","['Brian De Palma', 'Al Pacino', 'Sean Penn', 'Penelope Ann Miller', 'John Leguizamo']"
The Nightmare Before Christmas,(1993),7.9,$75.08M,"['Animation, Family, Fantasy']","['Henry Selick', 'Danny Elfman', 'Chris Sarandon', ""Catherine O'Hara"", 'William Hickey']"
Wo hu cang long,(2000),7.9,$128.08M,"['Action, Adventure, Drama']","['Ang Lee', 'Chow Yun-Fat', 'Michelle Yeoh', 'Ziyi Zhang', 'Chang Chen']"
All the President's Men,(1976),7.9,$70.60M,"['Drama, History, Thriller']","['Alan J. Pakula', 'Dustin Hoffman', 'Robert Redford', 'Jack Warden', 'Martin Balsam']"
The Wrestler,(2008),7.9,$26.24M,"['Drama, Sport, Thriller']","['Darren Aronofsky', 'Mickey Rourke', 'Marisa Tomei', 'Evan Rachel Wood', 'Mark Margolis']"
Notorious,(1946),7.9,$10.46M,"['Drama, Film-Noir, Romance']","['Alfred Hitchcock', 'Cary Grant', 'Ingrid Bergman', 'Claude Rains', 'Louis Calhern']"
Dancer in the Dark,(2000),7.9,$4.18M,"['Crime, Drama, Musical']","['Lars von Trier', 'Björk', 'Catherine Deneuve', 'David Morse', 'Peter Stormare']"
Cat on a Hot Tin Roof,(1958),7.9,$17.57M,['Drama'],"['Richard Brooks', 'Elizabeth Taylor', 'Paul Newman', 'Burl Ives', 'Jack Carson']"
The Artist,(I) (2011),7.9,$44.67M,"['Comedy, Drama, Romance']","['Michel Hazanavicius', 'Jean Dujardin', 'Bérénice Bejo', 'John Goodman', 'James Cromwell']"
Strangers on a Train,(1951),7.9,$7.63M,"['Crime, Drama, Film-Noir']","['Alfred Hitchcock', 'Farley Granger', 'Robert Walker', 'Ruth Roman', 'Leo G. Carroll']"
The Philadelphia Story,(1940),7.9,,,"['George Cukor', 'Cary Grant', 'Katharine Hepburn', 'James Stewart', 'Ruth Hussey']"
Hable con ella,(2002),7.9,$9.36M,"['Drama, Mystery, Romance']","['Pedro Almodóvar', 'Rosario Flores', 'Javier Cámara', 'Darío Grandinetti', 'Leonor Watling']"
Amour,(2012),7.9,$6.74M,['Drama'],"['Michael Haneke', 'Jean-Louis Trintignant', 'Emmanuelle Riva', 'Isabelle Huppert', 'Alexandre Tharaud']"
No Man's Land,(I) (2001),7.9,$1.06M,"['Comedy, Drama, War']","['Danis Tanovic', 'Branko Djuric', 'Rene Bitorajac', 'Filip Sovagovic', 'Georges Siatidis']"
Drive,(I) (2011),7.8,$35.06M,"['Action, Drama']","['Nicolas Winding Refn', 'Ryan Gosling', 'Carey Mulligan', 'Bryan Cranston', 'Albert Brooks']"
Little Miss Sunshine,(2006),7.8,$59.89M,"['Comedy, Drama']","['Jonathan Dayton', 'Valerie Faris', 'Steve Carell', 'Toni Collette', 'Greg Kinnear', 'Abigail Breslin']"
Ghostbusters,(1984),7.8,$238.63M,"['Action, Comedy, Fantasy']","['Ivan Reitman', 'Bill Murray', 'Dan Aykroyd', 'Sigourney Weaver', 'Harold Ramis']"
Back to the Future Part II,(1989),7.8,$118.50M,"['Adventure, Comedy, Sci-Fi']","['Robert Zemeckis', 'Michael J. Fox', 'Christopher Lloyd', 'Lea Thompson', 'Tom Wilson']"
The Hobbit: An Unexpected Journey,(2012),7.8,$303.00M,"['Adventure, Fantasy']","['Peter Jackson', 'Martin Freeman', 'Ian McKellen', 'Richard Armitage', 'Andy Serkis']"
The Social Network,(2010),7.8,$96.96M,"['Biography, Drama']","['David Fincher', 'Jesse Eisenberg', 'Andrew Garfield', 'Justin Timberlake', 'Rooney Mara']"
Predator,(1987),7.8,$59.74M,"['Action, Adventure, Horror']","['John McTiernan', 'Arnold Schwarzenegger', 'Carl Weathers', 'Kevin Peter Hall', 'Elpidia Carrillo']"
The Untouchables,(1987),7.8,$76.27M,"['Crime, Drama, Thriller']","['Brian De Palma', 'Kevin Costner', 'Sean Connery', 'Robert De Niro', 'Charles Martin Smith']"
The Curious Case of Benjamin Button,(2008),7.8,$127.51M,"['Drama, Fantasy, Romance']","['David Fincher', 'Brad Pitt', 'Cate Blanchett', 'Tilda Swinton', 'Julia Ormond']"
Star Wars: Episode VII - The Force Awakens,(2015),7.8,$936.66M,"['Action, Adventure, Sci-Fi']","['J.J. Abrams', 'Daisy Ridley', 'John Boyega', 'Oscar Isaac', 'Domhnall Gleeson']"
Taken,(I) (2008),7.8,$145.00M,"['Action, Crime, Thriller']","['Pierre Morel', 'Liam Neeson', 'Maggie Grace', 'Famke Janssen', 'Leland Orser']"
The Fugitive,(1993),7.8,$183.88M,"['Action, Crime, Drama']","['Andrew Davis', 'Harrison Ford', 'Tommy Lee Jones', 'Sela Ward', 'Julianne Moore']"
Skyfall,(2012),7.8,$304.36M,"['Action, Adventure, Thriller']","['Sam Mendes', 'Daniel Craig', 'Javier Bardem', 'Naomie Harris', 'Judi Dench']"
Cast Away,(2000),7.8,$233.63M,"['Adventure, Drama, Romance']","['Robert Zemeckis', 'Tom Hanks', 'Helen Hunt', 'Paul Sanchez', 'Lari White']"
American Gangster,(2007),7.8,$130.16M,"['Biography, Crime, Drama']","['Ridley Scott', 'Denzel Washington', 'Russell Crowe', 'Chiwetel Ejiofor', 'Josh Brolin']"
The Hobbit: The Desolation of Smaug,(2013),7.8,$258.37M,"['Adventure, Drama, Fantasy']","['Peter Jackson', 'Ian McKellen', 'Martin Freeman', 'Richard Armitage', 'Ken Stott']"
Misery,(1990),7.8,$61.28M,"['Drama, Thriller']","['Rob Reiner', 'James Caan', 'Kathy Bates', 'Richard Farnsworth', 'Frances Sternhagen']"
Captain Phillips,(2013),7.8,$107.10M,"['Action, Biography, Crime']","['Paul Greengrass', 'Tom Hanks', 'Barkhad Abdi', 'Barkhad Abdirahman', 'Catherine Keener']"
Ang-ma-reul bo-at-da,(2010),7.8,$0.13M,"['Action, Crime, Thriller']","['Jee-woon Kim', 'Lee Byung-hun', 'Choi Min-sik', 'Jeon Gook-hwan', 'Ho-jin Chun']"
Walk the Line,(2005),7.8,$119.52M,"['Biography, Drama, Music']","['James Mangold', 'Joaquin Phoenix', 'Reese Witherspoon', 'Ginnifer Goodwin', 'Robert Patrick']"
Män som hatar kvinnor,(2009),7.8,$10.10M,"['Crime, Drama, Mystery']","['Niels Arden Oplev', 'Michael Nyqvist', 'Noomi Rapace', 'Ewa Fröling', 'Lena Endre']"
Kramer vs. Kramer,(1979),7.8,$106.26M,['Drama'],"['Robert Benton', 'Dustin Hoffman', 'Meryl Streep', 'Jane Alexander', 'Justin Henry']"
The Insider,(1999),7.8,$28.97M,"['Biography, Drama, Thriller']","['Michael Mann', 'Russell Crowe', 'Al Pacino', 'Christopher Plummer', 'Diane Venora']"
Changeling,(2008),7.8,$35.74M,"['Biography, Crime, Drama']","['Clint Eastwood', 'Angelina Jolie', 'Colm Feore', 'Amy Ryan', 'Gattlin Griffith']"
Ed Wood,(1994),7.8,$5.89M,"['Biography, Comedy, Drama']","['Tim Burton', 'Johnny Depp', 'Martin Landau', 'Sarah Jessica Parker', 'Patricia Arquette']"
Dawn of the Dead,(1978),7.8,$5.10M,"['Horror, Thriller']","['George A. Romero', 'David Emge', 'Ken Foree', 'Scott H. Reiniger', 'Gaylen Ross']"
My Fair Lady,(1964),7.8,$72.00M,"['Drama, Family, Musical']","['George Cukor', 'Audrey Hepburn', 'Rex Harrison', 'Stanley Holloway', 'Wilfrid Hyde-White']"
Todo sobre mi madre,(1999),7.8,$8.26M,"['Comedy, Drama, Romance']","['Pedro Almodóvar', 'Cecilia Roth', 'Marisa Paredes', 'Candela Peña', 'Antonia San Juan']"
Lilja 4-ever,(2002),7.8,$0.18M,"['Crime, Drama']","['Lukas Moodysson', 'Oksana Akinshina', 'Artyom Bogucharskiy', 'Pavel Ponomaryov', 'Lyubov Agapova']"
East of Eden,(1955),7.8,,['Drama'],"['Elia Kazan', 'James Dean', 'Raymond Massey', 'Julie Harris', 'Burl Ives']"
To Have and Have Not,(1944),7.8,,"['Adventure, Comedy, Film-Noir']","['Howard Hawks', 'Humphrey Bogart', 'Lauren Bacall', 'Walter Brennan', 'Dolores Moran']"
"They Shoot Horses, Don't They?",(1969),7.8,$12.60M,['Drama'],"['Sydney Pollack', 'Jane Fonda', 'Michael Sarrazin', 'Susannah York', 'Gig Young']"
The Innocents,(1961),7.8,$2.62M,['Horror'],"['Jack Clayton', 'Deborah Kerr', 'Peter Wyngarde', 'Megs Jenkins', 'Michael Redgrave']"
Les choristes,(2004),7.8,$3.64M,"['Comedy, Drama, Music']","['Christophe Barratier', 'Gérard Jugnot', 'François Berléand', 'Jean-Baptiste Maunier', 'Kad Merad']"
Zodiac,(2007),7.7,$33.08M,"['Crime, Drama, Mystery']","['David Fincher', 'Jake Gyllenhaal', 'Robert Downey Jr.', 'Mark Ruffalo', 'Anthony Edwards']"
The Hangover,(2009),7.7,$277.32M,['Comedy'],"['Todd Phillips', 'Zach Galifianakis', 'Bradley Cooper', 'Justin Bartha', 'Ed Helms']"
Black Hawk Down,(2001),7.7,$108.64M,"['Action, Drama, History']","['Ridley Scott', 'Josh Hartnett', 'Ewan McGregor', 'Tom Sizemore', 'Eric Bana']"
Man on Fire,(2004),7.7,$77.91M,"['Action, Crime, Drama']","['Tony Scott', 'Denzel Washington', 'Christopher Walken', 'Dakota Fanning', 'Radha Mitchell']"
Airplane!,(1980),7.7,$83.40M,['Comedy'],"['Jim Abrahams', 'David Zucker', 'Jerry Zucker', 'Robert Hays', 'Julie Hagerty', 'Leslie Nielsen', 'Kareem Abdul-Jabbar']"
Ocean's Eleven,(2001),7.7,$183.42M,"['Crime, Thriller']","['Steven Soderbergh', 'George Clooney', 'Brad Pitt', 'Julia Roberts', 'Matt Damon']"
Home Alone,(1990),7.7,$285.76M,"['Comedy, Family']","['Chris Columbus', 'Macaulay Culkin', 'Joe Pesci', 'Daniel Stern', 'John Heard']"
Brokeback Mountain,(2005),7.7,$83.04M,"['Drama, Romance']","['Ang Lee', 'Jake Gyllenhaal', 'Heath Ledger', 'Michelle Williams', 'Randy Quaid']"
Blue Velvet,(1986),7.7,$8.55M,"['Crime, Drama, Mystery']","['David Lynch', 'Isabella Rossellini', 'Kyle MacLachlan', 'Dennis Hopper', 'Laura Dern']"
Training Day,(2001),7.7,$76.63M,"['Action, Crime, Drama']","['Antoine Fuqua', 'Denzel Washington', 'Ethan Hawke', 'Scott Glenn', 'Tom Berenger']"
Gravity,(2013),7.7,$274.09M,"['Drama, Sci-Fi, Thriller']","['Alfonso Cuarón', 'Sandra Bullock', 'George Clooney', 'Ed Harris', 'Orto Ignatiussen']"
First Blood,(1982),7.7,$47.21M,"['Action, Adventure, Thriller']","['Ted Kotcheff', 'Sylvester Stallone', 'Brian Dennehy', 'Richard Crenna', 'Bill McKinney']"
Lost in Translation,(2003),7.7,$44.59M,"['Comedy, Drama']","['Sofia Coppola', 'Bill Murray', 'Scarlett Johansson', 'Giovanni Ribisi', 'Anna Faris']"
The Game,(1997),7.7,$48.32M,"['Drama, Mystery, Thriller']","['David Fincher', 'Michael Douglas', 'Deborah Kara Unger', 'Sean Penn', 'James Rebhorn']"
Donnie Brasco,(1997),7.7,$41.91M,"['Biography, Crime, Drama']","['Mike Newell', 'Al Pacino', 'Johnny Depp', 'Michael Madsen', 'Bruno Kirby']"
Deliverance,(1972),7.7,$7.06M,"['Adventure, Drama, Thriller']","['John Boorman', 'Jon Voight', 'Burt Reynolds', 'Ned Beatty', 'Ronny Cox']"
Halloween,(1978),7.7,$47.00M,"['Horror, Thriller']","['John Carpenter', 'Donald Pleasence', 'Jamie Lee Curtis', 'Tony Moran', 'Nancy Kyes']"
"O Brother, Where Art Thou?",(2000),7.7,$45.51M,"['Adventure, Comedy, Crime']","['Joel Coen', 'Ethan Coen', 'George Clooney', 'John Turturro', 'Tim Blake Nelson', 'John Goodman']"
What's Eating Gilbert Grape,(1993),7.7,$9.17M,['Drama'],"['Lasse Hallström', 'Johnny Depp', 'Leonardo DiCaprio', 'Juliette Lewis', 'Mary Steenburgen']"
Argo,(2012),7.7,$136.03M,"['Biography, Drama, Thriller']","['Ben Affleck', 'Ben Affleck', 'Bryan Cranston', 'John Goodman', 'Alan Arkin']"
Crash,(I) (2004),7.7,$54.58M,"['Crime, Drama, Thriller']","['Paul Haggis', 'Don Cheadle', 'Sandra Bullock', 'Thandiwe Newton', 'Karina Arroyave']"
Dirty Harry,(1971),7.7,$35.90M,"['Action, Crime, Thriller']","['Don Siegel', 'Clint Eastwood', 'Clint Eastwood', 'Andrew Robinson', 'Harry Guardino', 'Reni Santoni']"
As Good as It Gets,(1997),7.7,$148.48M,"['Comedy, Drama, Romance']","['James L. Brooks', 'Jack Nicholson', 'Helen Hunt', 'Greg Kinnear', 'Cuba Gooding Jr.']"
Road to Perdition,(2002),7.7,$104.45M,"['Crime, Drama, Thriller']","['Sam Mendes', 'Tom Hanks', 'Tyler Hoechlin', 'Rob Maxey', 'Liam Aiken']"
When Harry Met Sally...,(1989),7.7,$92.82M,"['Comedy, Drama, Romance']","['Rob Reiner', 'Billy Crystal', 'Meg Ryan', 'Carrie Fisher', 'Bruno Kirby']"
The Bourne Supremacy,(2004),7.7,$176.24M,"['Action, Mystery, Thriller']","['Paul Greengrass', 'Matt Damon', 'Franka Potente', 'Joan Allen', 'Brian Cox']"
Evil Dead II,(1987),7.7,$5.92M,"['Comedy, Horror']","['Sam Raimi', 'Bruce Campbell', 'Sarah Berry', 'Dan Hicks', 'Kassie Wesley DePaiva']"
Lucky Number Slevin,(2006),7.7,$22.49M,"['Crime, Drama, Thriller']","['Paul McGuigan', 'Josh Hartnett', 'Ben Kingsley', 'Morgan Freeman', 'Lucy Liu']"
Being John Malkovich,(1999),7.7,$22.86M,"['Comedy, Drama, Fantasy']","['Spike Jonze', 'John Cusack', 'Cameron Diaz', 'Catherine Keener', 'John Malkovich']"
The Dirty Dozen,(1967),7.7,$45.30M,"['Action, Adventure, War']","['Robert Aldrich', 'Lee Marvin', 'Ernest Borgnine', 'Charles Bronson', 'John Cassavetes']"
Billy Elliot,(2000),7.7,$22.00M,"['Drama, Music']","['Stephen Daldry', 'Jamie Bell', 'Julie Walters', 'Jean Heywood', 'Jamie Draven']"
Goldfinger,(1964),7.7,$51.08M,"['Action, Adventure, Thriller']","['Guy Hamilton', 'Sean Connery', 'Gert Fröbe', 'Honor Blackman', 'Shirley Eaton']"
Happiness,(1998),7.7,$2.81M,"['Comedy, Drama']","['Todd Solondz', 'Jane Adams', 'Jon Lovitz', 'Philip Seymour Hoffman', 'Dylan Baker']"
Nebraska,(2013),7.7,$17.65M,['Drama'],"['Alexander Payne', 'Bruce Dern', 'Will Forte', 'June Squibb', 'Bob Odenkirk']"
Diarios de motocicleta,(2004),7.7,$16.78M,"['Adventure, Biography, Drama']","['Walter Salles', 'Gael García Bernal', 'Rodrigo de la Serna', 'Mía Maestro', 'Mercedes Morán']"
The Caine Mutiny,(1954),7.7,$21.75M,"['Drama, War']","['Edward Dmytryk', 'Humphrey Bogart', 'José Ferrer', 'Van Johnson', 'Fred MacMurray']"
Das Experiment,(2001),7.7,$0.14M,"['Drama, Thriller']","['Oliver Hirschbiegel', 'Moritz Bleibtreu', 'Christian Berkel', 'Oliver Stokowski', 'Wotan Wilke Möhring']"
Watchmen,(2009),7.6,$107.51M,"['Action, Drama, Mystery']","['Zack Snyder', 'Jackie Earle Haley', 'Patrick Wilson', 'Carla Gugino', 'Malin Akerman']"
American Psycho,(2000),7.6,$15.07M,"['Crime, Drama, Horror']","['Mary Harron', 'Christian Bale', 'Justin Theroux', 'Josh Lucas', 'Bill Sage']"
300,(2006),7.6,$210.61M,"['Action, Drama']","['Zack Snyder', 'Gerard Butler', 'Lena Headey', 'David Wenham', 'Dominic West']"
The Fifth Element,(1997),7.6,$63.54M,"['Action, Adventure, Sci-Fi']","['Luc Besson', 'Bruce Willis', 'Milla Jovovich', 'Gary Oldman', 'Ian Holm']"
Saw,(2004),7.6,$56.00M,"['Horror, Mystery, Thriller']","['James Wan', 'Cary Elwes', 'Leigh Whannell', 'Danny Glover', 'Ken Leung']"
Love Actually,(2003),7.6,$59.70M,"['Comedy, Drama, Romance']","['Richard Curtis', 'Hugh Grant', 'Martine McCutcheon', 'Liam Neeson', 'Laura Linney']"
RoboCop,(1987),7.6,$53.42M,"['Action, Crime, Sci-Fi']","['Paul Verhoeven', 'Peter Weller', 'Nancy Allen', ""Dan O'Herlihy"", 'Ronny Cox']"
The Thin Red Line,(1998),7.6,$36.40M,"['Drama, History, War']","['Terrence Malick', 'Jim Caviezel', 'Sean Penn', 'Nick Nolte', 'Kirk Acevedo']"
Falling Down,(1993),7.6,$40.90M,"['Action, Crime, Drama']","['Joel Schumacher', 'Michael Douglas', 'Robert Duvall', 'Barbara Hershey', 'Rachel Ticotin']"
Lethal Weapon,(1987),7.6,$65.21M,"['Action, Crime, Thriller']","['Richard Donner', 'Mel Gibson', 'Danny Glover', 'Gary Busey', 'Mitchell Ryan']"
The Others,(2001),7.6,$96.52M,"['Horror, Mystery, Thriller']","['Alejandro Amenábar', 'Nicole Kidman', 'Christopher Eccleston', 'Fionnula Flanagan', 'Alakina Mann']"
The Godfather Part III,(1990),7.6,$66.67M,"['Crime, Drama']","['Francis Ford Coppola', 'Al Pacino', 'Diane Keaton', 'Andy Garcia', 'Talia Shire']"
Minority Report,(2002),7.6,$132.07M,"['Action, Crime, Mystery']","['Steven Spielberg', 'Tom Cruise', 'Colin Farrell', 'Samantha Morton', 'Max von Sydow']"
Traffic,(2000),7.6,$124.12M,"['Crime, Drama, Thriller']","['Steven Soderbergh', 'Michael Douglas', 'Benicio Del Toro', 'Catherine Zeta-Jones', 'Jacob Vargas']"
Star Wars: Episode III - Revenge of the Sith,(2005),7.6,$380.26M,"['Action, Adventure, Fantasy']","['George Lucas', 'Hayden Christensen', 'Natalie Portman', 'Ewan McGregor', 'Samuel L. Jackson']"
The Royal Tenenbaums,(2001),7.6,$52.36M,"['Comedy, Drama']","['Wes Anderson', 'Gene Hackman', 'Gwyneth Paltrow', 'Anjelica Huston', 'Ben Stiller']"
Inside Man,(2006),7.6,$88.51M,"['Crime, Drama, Mystery']","['Spike Lee', 'Denzel Washington', 'Clive Owen', 'Jodie Foster', 'Christopher Plummer']"
The Machinist,(2004),7.6,$1.08M,"['Drama, Thriller']","['Brad Anderson', 'Christian Bale', 'Jennifer Jason Leigh', 'Aitana Sánchez-Gijón', 'John Sharian']"
The Reader,(2008),7.6,$34.19M,"['Drama, Romance']","['Stephen Daldry', 'Kate Winslet', 'Ralph Fiennes', 'Bruno Ganz', 'Jeanette Hain']"
Zombieland,(2009),7.6,$75.59M,"['Action, Comedy, Horror']","['Ruben Fleischer', 'Jesse Eisenberg', 'Emma Stone', 'Woody Harrelson', 'Abigail Breslin']"
Moulin Rouge!,(2001),7.6,$57.39M,"['Drama, Musical, Romance']","['Baz Luhrmann', 'Nicole Kidman', 'Ewan McGregor', 'John Leguizamo', 'Jim Broadbent']"
La piel que habito,(2011),7.6,$3.19M,"['Drama, Horror, Mystery']","['Pedro Almodóvar', 'Antonio Banderas', 'Elena Anaya', 'Jan Cornet', 'Marisa Paredes']"
Sherlock Holmes,(2009),7.6,$209.03M,"['Action, Adventure, Mystery']","['Guy Ritchie', 'Robert Downey Jr.', 'Jude Law', 'Rachel McAdams', 'Mark Strong']"
Eastern Promises,(2007),7.6,$17.11M,"['Crime, Drama, Thriller']","['David Cronenberg', 'Naomi Watts', 'Viggo Mortensen', 'Armin Mueller-Stahl', 'Josef Altin']"
Despicable Me,(2010),7.6,$251.51M,"['Animation, Adventure, Comedy']","['Pierre Coffin', 'Chris Renaud', 'Steve Carell', 'Jason Segel', 'Russell Brand', 'Julie Andrews']"
Die Hard with a Vengeance,(1995),7.6,$100.01M,"['Action, Adventure, Thriller']","['John McTiernan', 'Bruce Willis', 'Jeremy Irons', 'Samuel L. Jackson', 'Graham Greene']"
Lost Highway,(1997),7.6,$3.80M,"['Mystery, Thriller']","['David Lynch', 'Bill Pullman', 'Patricia Arquette', 'John Roselius', 'Louis Eppolito']"
The Birds,(1963),7.6,$11.40M,"['Drama, Horror, Mystery']","['Alfred Hitchcock', 'Rod Taylor', 'Tippi Hedren', 'Jessica Tandy', 'Suzanne Pleshette']"
Match Point,(2005),7.6,$23.09M,"['Drama, Romance, Thriller']","['Woody Allen', 'Scarlett Johansson', 'Jonathan Rhys Meyers', 'Emily Mortimer', 'Matthew Goode']"
Lord of War,(2005),7.6,$24.15M,"['Crime, Drama']","['Andrew Niccol', 'Nicolas Cage', 'Ethan Hawke', 'Jared Leto', 'Bridget Moynahan']"
Duel,(1971 TV Movie),7.6,,"['Action, Thriller']","['Steven Spielberg', 'Dennis Weaver', 'Jacqueline Scott', 'Eddie Firestone', 'Lou Frizzell']"
Mysterious Skin,(2004),7.6,$0.70M,['Drama'],"['Gregg Araki', 'Brady Corbet', 'Joseph Gordon-Levitt', 'Elisabeth Shue', 'Chase Ellison']"
Sabrina,(1954),7.6,,,"['Billy Wilder', 'Humphrey Bogart', 'Audrey Hepburn', 'William Holden', 'Walter Hampden']"
The Bridges of Madison County,(1995),7.6,$71.52M,"['Drama, Romance']","['Clint Eastwood', 'Clint Eastwood', 'Meryl Streep', 'Annie Corley', 'Victor Slezak']"
21 Grams,(2003),7.6,$16.29M,"['Crime, Drama, Thriller']","['Alejandro G. Iñárritu', 'Sean Penn', 'Benicio Del Toro', 'Naomi Watts', 'Danny Huston']"
Un long dimanche de fiançailles,(2004),7.6,$6.17M,"['Drama, Mystery, Romance']","['Jean-Pierre Jeunet', 'Audrey Tautou', 'Gaspard Ulliel', 'Jodie Foster', 'Dominique Pinon']"
The Station Agent,(2003),7.6,$5.74M,"['Comedy, Drama']","['Tom McCarthy', 'Peter Dinklage', 'Patricia Clarkson', 'Bobby Cannavale', 'Paul Benjamin']"
The Incredible Shrinking Man,(1957),7.6,,"['Horror, Sci-Fi']","['Jack Arnold', 'Grant Williams', 'Randy Stuart', 'April Kent', 'Paul Langton']"
The Visitor,(I) (2007),7.6,$9.42M,['Drama'],"['Tom McCarthy', 'Richard Jenkins', 'Haaz Sleiman', 'Danai Gurira', 'Hiam Abbass']"
Vera Drake,(2004),7.6,$3.75M,"['Crime, Drama']","['Mike Leigh', 'Imelda Staunton', 'Jim Broadbent', 'Heather Craney', 'Richard Graham']"
The Conjuring,(2013),7.5,$137.40M,"['Horror, Mystery, Thriller']","['James Wan', 'Patrick Wilson', 'Vera Farmiga', 'Ron Livingston', 'Lili Taylor']"
Collateral,(2004),7.5,$101.01M,"['Action, Crime, Drama']","['Michael Mann', 'Tom Cruise', 'Jamie Foxx', 'Jada Pinkett Smith', 'Mark Ruffalo']"
The Hunger Games: Catching Fire,(2013),7.5,$424.67M,"['Action, Adventure, Sci-Fi']","['Francis Lawrence', 'Jennifer Lawrence', 'Josh Hutcherson', 'Liam Hemsworth', 'Philip Seymour Hoffman']"
Gangs of New York,(2002),7.5,$77.81M,"['Crime, Drama']","['Martin Scorsese', 'Leonardo DiCaprio', 'Cameron Diaz', 'Daniel Day-Lewis', 'Jim Broadbent']"
Les Misérables,(2012),7.5,$148.81M,"['Drama, Musical, Romance']","['Tom Hooper', 'Hugh Jackman', 'Russell Crowe', 'Anne Hathaway', 'Amanda Seyfried']"
Jackie Brown,(1997),7.5,$39.67M,"['Crime, Drama, Thriller']","['Quentin Tarantino', 'Pam Grier', 'Samuel L. Jackson', 'Robert Forster', 'Bridget Fonda']"
Total Recall,(1990),7.5,$119.39M,"['Action, Adventure, Sci-Fi']","['Paul Verhoeven', 'Arnold Schwarzenegger', 'Sharon Stone', 'Michael Ironside', 'Rachel Ticotin']"
The Aviator,(2004),7.5,$102.61M,"['Biography, Drama']","['Martin Scorsese', 'Leonardo DiCaprio', 'Cate Blanchett', 'Kate Beckinsale', 'John C. Reilly']"
Thelma & Louise,(1991),7.5,$45.36M,"['Adventure, Crime, Drama']","['Ridley Scott', 'Susan Sarandon', 'Geena Davis', 'Harvey Keitel', 'Michael Madsen']"
Sleepers,(1996),7.5,$49.10M,"['Crime, Drama, Thriller']","['Barry Levinson', 'Robert De Niro', 'Kevin Bacon', 'Brad Pitt', 'Jason Patric']"
The Abyss,(1989),7.5,$54.46M,"['Adventure, Drama, Mystery']","['James Cameron', 'Ed Harris', 'Mary Elizabeth Mastrantonio', 'Michael Biehn', 'Leo Burmester']"
The Crow,(1994),7.5,$50.69M,"['Action, Crime, Drama']","['Alex Proyas', 'Brandon Lee', 'Michael Wincott', 'Rochelle Davis', 'Ernie Hudson']"
Fear and Loathing in Las Vegas,(1998),7.5,$10.68M,"['Adventure, Comedy, Drama']","['Terry Gilliam', 'Johnny Depp', 'Benicio Del Toro', 'Tobey Maguire', 'Michael Lee Gogin']"
Ice Age,(2002),7.5,$176.39M,"['Animation, Adventure, Comedy']","['Chris Wedge', 'Carlos Saldanha', 'Denis Leary', 'John Leguizamo', 'Ray Romano', 'Goran Visnjic']"
Sideways,(2004),7.5,$71.50M,"['Comedy, Drama, Romance']","['Alexander Payne', 'Paul Giamatti', 'Thomas Haden Church', 'Virginia Madsen', 'Sandra Oh']"
The Hurt Locker,(2008),7.5,$17.02M,"['Drama, Thriller, War']","['Kathryn Bigelow', 'Jeremy Renner', 'Anthony Mackie', 'Brian Geraghty', 'Guy Pearce']"
Perfume: The Story of a Murderer,(2006),7.5,$2.22M,"['Crime, Drama, Fantasy']","['Tom Tykwer', 'Ben Whishaw', 'Dustin Hoffman', 'Alan Rickman', 'Francesc Albiol']"
Leaving Las Vegas,(1995),7.5,$31.97M,"['Drama, Romance']","['Mike Figgis', 'Nicolas Cage', 'Elisabeth Shue', 'Julian Sands', 'Richard Lewis']"
The Illusionist,(2006),7.5,$39.87M,"['Drama, Fantasy, Mystery']","['Neil Burger', 'Edward Norton', 'Jessica Biel', 'Paul Giamatti', 'Rufus Sewell']"
127 Hours,(2010),7.5,$18.34M,"['Biography, Drama']","['Danny Boyle', 'James Franco', 'Amber Tamblyn', 'Kate Mara', 'Sean Bott']"
The Piano,(1993),7.5,$40.16M,"['Drama, Music, Romance']","['Jane Campion', 'Holly Hunter', 'Harvey Keitel', 'Sam Neill', 'Anna Paquin']"
A Fish Called Wanda,(1988),7.5,$63.49M,"['Comedy, Crime']","['Charles Crichton', 'John Cleese', 'John Cleese', 'Jamie Lee Curtis', 'Kevin Kline', 'Michael Palin']"
Babel,(I) (2006),7.5,$34.30M,['Drama'],"['Alejandro G. Iñárritu', 'Brad Pitt', 'Cate Blanchett', 'Gael García Bernal', 'Mohamed Akhzam']"
Midnight Run,(1988),7.5,$38.41M,"['Action, Comedy, Crime']","['Martin Brest', 'Robert De Niro', 'Charles Grodin', 'Yaphet Kotto', 'John Ashton']"
Braindead,(1992),7.5,$0.24M,"['Comedy, Fantasy, Horror']","['Peter Jackson', 'Timothy Balme', 'Diana Peñalver', 'Elizabeth Moody', 'Ian Watkin']"
Sophie's Choice,(1982),7.5,$30.04M,,"['Alan J. Pakula', 'Meryl Streep', 'Kevin Kline', 'Peter MacNicol', 'Rita Karin']"
The Hours,(2002),7.5,$41.68M,"['Drama, Romance']","['Stephen Daldry', 'Meryl Streep', 'Nicole Kidman', 'Julianne Moore', 'Stephen Dillane']"
Boys Don't Cry,(1999),7.5,$11.53M,"['Biography, Crime, Drama']","['Kimberly Peirce', 'Hilary Swank', 'Chloë Sevigny', 'Peter Sarsgaard', 'Brendan Sexton III']"
A Single Man,(2009),7.5,$9.17M,"['Crime, Drama, Romance']","['Tom Ford', 'Colin Firth', 'Julianne Moore', 'Matthew Goode', 'Nicholas Hoult']"
Thank You for Smoking,(2005),7.5,$24.79M,"['Comedy, Drama']","['Jason Reitman', 'Aaron Eckhart', 'Cameron Bright', 'Maria Bello', 'Joan Lunden']"
Dark Passage,(1947),7.5,,,"['Delmer Daves', 'Humphrey Bogart', 'Lauren Bacall', 'Bruce Bennett', 'Agnes Moorehead']"
The Last Detail,(1973),7.5,$3.19M,,"['Hal Ashby', 'Jack Nicholson', 'Randy Quaid', 'Otis Young', 'Clifton James']"
Milk,(I) (2008),7.5,$31.84M,"['Biography, Drama, History']","['Gus Van Sant', 'Sean Penn', 'Josh Brolin', 'Emile Hirsch', 'Diego Luna']"
The Man Who Wasn't There,(2001),7.5,$7.49M,"['Crime, Drama']","['Joel Coen', 'Billy Bob Thornton', 'Frances McDormand', 'Michael Badalucco', 'James Gandolfini']"
The Life of David Gale,(2003),7.5,$19.59M,"['Crime, Drama, Mystery']","['Alan Parker', 'Kevin Spacey', 'Kate Winslet', 'Laura Linney', 'Cleo King']"
Fucking Åmål,(1998),7.5,$0.17M,,"['Lukas Moodysson', 'Alexandra Dahlström', 'Rebecka Liljeberg', 'Erica Carlson', 'Mathias Rust']"
Ne le dis à personne,(2006),7.5,$6.18M,,"['Guillaume Canet', 'François Cluzet', 'Marie-Josée Croze', 'André Dussollier', 'Kristin Scott Thomas']"
Mission: Impossible - Rogue Nation,(2015),7.4,$195.04M,"['Action, Adventure, Thriller']","['Christopher McQuarrie', 'Tom Cruise', 'Rebecca Ferguson', 'Jeremy Renner', 'Simon Pegg']"
Mission: Impossible - Ghost Protocol,(2011),7.4,$209.40M,"['Action, Adventure, Thriller']","['Brad Bird', 'Tom Cruise', 'Jeremy Renner', 'Simon Pegg', 'Paula Patton']"
Scream,(1996),7.4,$103.05M,"['Horror, Mystery']","['Wes Craven', 'Neve Campbell', 'Courteney Cox', 'David Arquette', 'Skeet Ulrich']"
Pirates of the Caribbean: Dead Man's Chest,(2006),7.4,$423.32M,"['Action, Adventure, Fantasy']","['Gore Verbinski', 'Johnny Depp', 'Orlando Bloom', 'Keira Knightley', 'Jack Davenport']"
The Evil Dead,(1981),7.4,$2.40M,['Horror'],"['Sam Raimi', 'Bruce Campbell', 'Ellen Sandweiss', 'Richard DeManincor', 'Betsy Baker']"
Frozen,(I) (2013),7.4,$400.74M,"['Animation, Adventure, Comedy']","['Chris Buck', 'Jennifer Lee', 'Kristen Bell', 'Idina Menzel', 'Jonathan Groff', 'Josh Gad']"
A Nightmare on Elm Street,(1984),7.4,$25.50M,['Horror'],"['Wes Craven', 'Heather Langenkamp', 'Johnny Depp', 'Robert Englund', 'John Saxon']"
Zero Dark Thirty,(2012),7.4,$95.72M,"['Drama, History, Thriller']","['Kathryn Bigelow', 'Jessica Chastain', 'Joel Edgerton', 'Chris Pratt', 'Mark Strong']"
Carrie,(1976),7.4,$33.80M,"['Horror, Mystery']","['Brian De Palma', 'Sissy Spacek', 'Piper Laurie', 'Amy Irving', 'John Travolta']"
Spider-Man 2,(2004),7.4,$373.59M,"['Action, Adventure, Sci-Fi']","['Sam Raimi', 'Tobey Maguire', 'Kirsten Dunst', 'Alfred Molina', 'James Franco']"
The Texas Chain Saw Massacre,(1974),7.4,$30.86M,['Horror'],"['Tobe Hooper', 'Marilyn Burns', 'Edwin Neal', 'Allen Danziger', 'Paul A. Partain']"
Witness,(1985),7.4,$68.71M,"['Drama, Romance, Thriller']","['Peter Weir', 'Harrison Ford', 'Kelly McGillis', 'Lukas Haas', 'Josef Sommer']"
The Talented Mr. Ripley,(1999),7.4,$81.30M,"['Crime, Drama, Thriller']","['Anthony Minghella', 'Matt Damon', 'Gwyneth Paltrow', 'Jude Law', 'Cate Blanchett']"
The Hobbit: The Battle of the Five Armies,(2014),7.4,$255.12M,"['Adventure, Fantasy']","['Peter Jackson', 'Ian McKellen', 'Martin Freeman', 'Richard Armitage', 'Cate Blanchett']"
Frequency,(2000),7.4,$45.01M,"['Crime, Drama, Mystery']","['Gregory Hoblit', 'Dennis Quaid', 'Jim Caviezel', 'Shawn Doyle', 'Elizabeth Mitchell']"
Erin Brockovich,(2000),7.4,$125.60M,"['Biography, Drama']","['Steven Soderbergh', 'Julia Roberts', 'Albert Finney', 'David Brisbin', 'Dawn Didawick']"
Looper,(2012),7.4,$66.49M,"['Action, Drama, Sci-Fi']","['Rian Johnson', 'Joseph Gordon-Levitt', 'Bruce Willis', 'Emily Blunt', 'Paul Dano']"
The English Patient,(1996),7.4,$78.65M,"['Drama, Romance, War']","['Anthony Minghella', 'Ralph Fiennes', 'Juliette Binoche', 'Willem Dafoe', 'Kristin Scott Thomas']"
Army of Darkness,(1992),7.4,$11.50M,"['Comedy, Horror']","['Sam Raimi', 'Bruce Campbell', 'Embeth Davidtz', 'Marcus Gilbert', 'Ian Abercrombie']"
A History of Violence,(2005),7.4,$31.49M,"['Action, Crime, Drama']","['David Cronenberg', 'Viggo Mortensen', 'Maria Bello', 'Ed Harris', 'William Hurt']"
High Fidelity,(2000),7.4,$27.29M,"['Comedy, Drama, Music']","['Stephen Frears', 'John Cusack', 'Iben Hjejle', 'Todd Louiso', 'Jack Black']"
Garden State,(2004),7.4,$26.78M,"['Comedy, Drama, Romance']","['Zach Braff', 'Zach Braff', 'Peter Sarsgaard', 'Natalie Portman', 'Ian Holm']"
Marathon Man,(1976),7.4,$21.71M,"['Crime, Drama, Thriller']","['John Schlesinger', 'Dustin Hoffman', 'Laurence Olivier', 'Roy Scheider', 'William Devane']"
Tootsie,(1982),7.4,$177.20M,"['Comedy, Drama, Romance']","['Sydney Pollack', 'Dustin Hoffman', 'Jessica Lange', 'Teri Garr', 'Dabney Coleman']"
The Cider House Rules,(1999),7.4,$57.55M,"['Drama, Romance']","['Lasse Hallström', 'Tobey Maguire', 'Charlize Theron', 'Michael Caine', 'Delroy Lindo']"
El orfanato,(2007),7.4,$7.16M,"['Drama, Horror, Mystery']","['J.A. Bayona', 'Belén Rueda', 'Fernando Cayo', 'Roger Príncep', 'Mabel Rivera']"
Man on the Moon,(1999),7.4,$34.58M,"['Biography, Comedy, Drama']","['Milos Forman', 'Jim Carrey', 'Danny DeVito', 'Gerry Becker', 'Greyson Erik Pendry']"
In the Bedroom,(2001),7.4,$35.93M,"['Crime, Drama']","['Todd Field', 'Tom Wilkinson', 'Sissy Spacek', 'Nick Stahl', 'Marisa Tomei']"
An Affair to Remember,(1957),7.4,,,"['Leo McCarey', 'Cary Grant', 'Deborah Kerr', 'Richard Denning', 'Neva Patterson']"
Biutiful,(2010),7.4,$5.10M,"['Drama, Romance']","['Alejandro G. Iñárritu', 'Javier Bardem', 'Maricel Álvarez', 'Hanaa Bouchaib', 'Guillermo Estrella']"
La mala educación,(2004),7.4,$5.21M,"['Crime, Drama']","['Pedro Almodóvar', 'Gael García Bernal', 'Fele Martínez', 'Javier Cámara', 'Daniel Giménez Cacho']"
Transamerica,(2005),7.4,$9.02M,"['Adventure, Comedy, Drama']","['Duncan Tucker', 'Felicity Huffman', 'Kevin Zegers', 'Fionnula Flanagan', 'Andrea James']"
Maria Full of Grace,(2004),7.4,$6.52M,"['Crime, Drama']","['Joshua Marston', 'Catalina Sandino Moreno', 'Guilied Lopez', 'Orlando Tobón', 'Virginia Cristina Ariza']"
Tillsammans,(2000),7.4,$1.07M,"['Comedy, Drama, Romance']","['Lukas Moodysson', 'Lisa Lindgren', 'Michael Nyqvist', 'Emma Samuelsson', 'Sam Kessel']"
"Girl, Interrupted",(1999),7.3,$28.87M,"['Biography, Drama']","['James Mangold', 'Winona Ryder', 'Angelina Jolie', 'Clea DuVall', 'Brittany Murphy']"
X-Men,(2000),7.3,$157.30M,"['Action, Adventure, Sci-Fi']","['Bryan Singer', 'Patrick Stewart', 'Hugh Jackman', 'Ian McKellen', 'Famke Janssen']"
Irréversible,(2002),7.3,$0.75M,"['Crime, Drama, Mystery']","['Gaspar Noé', 'Monica Bellucci', 'Vincent Cassel', 'Albert Dupontel', 'Philippe Nahon']"
Speed,(1994),7.3,$121.25M,"['Action, Adventure, Thriller']","['Jan de Bont', 'Keanu Reeves', 'Dennis Hopper', 'Sandra Bullock', 'Joe Morton']"
Sweeney Todd: The Demon Barber of Fleet Street,(2007),7.3,$52.90M,"['Drama, Horror, Musical']","['Tim Burton', 'Johnny Depp', 'Helena Bonham Carter', 'Alan Rickman', 'Timothy Spall']"
Face/Off,(1997),7.3,$112.23M,"['Action, Crime, Sci-Fi']","['John Woo', 'John Travolta', 'Nicolas Cage', 'Joan Allen', 'Alessandro Nivola']"
Cape Fear,(1991),7.3,$79.10M,"['Crime, Thriller']","['Martin Scorsese', 'Robert De Niro', 'Nick Nolte', 'Jessica Lange', 'Juliette Lewis']"
Sleepy Hollow,(1999),7.3,$101.07M,"['Fantasy, Horror, Mystery']","['Tim Burton', 'Johnny Depp', 'Christina Ricci', 'Miranda Richardson', 'Michael Gambon']"
Lincoln,(2012),7.3,$182.21M,"['Biography, Drama, History']","['Steven Spielberg', 'Daniel Day-Lewis', 'Sally Field', 'David Strathairn', 'Joseph Gordon-Levitt']"
Beverly Hills Cop,(1984),7.3,$234.76M,"['Action, Comedy, Crime']","['Martin Brest', 'Eddie Murphy', 'Judge Reinhold', 'John Ashton', 'Lisa Eilbacher']"
Unbreakable,(2000),7.3,$95.01M,"['Drama, Mystery, Sci-Fi']","['M. Night Shyamalan', 'Bruce Willis', 'Samuel L. Jackson', 'Robin Wright', 'Spencer Treat Clark']"
Easy Rider,(1969),7.3,$41.73M,"['Adventure, Drama']","['Dennis Hopper', 'Peter Fonda', 'Dennis Hopper', 'Jack Nicholson', 'Antonio Mendoza']"
Enemy of the State,(1998),7.3,$111.55M,"['Action, Thriller']","['Tony Scott', 'Will Smith', 'Gene Hackman', 'Jon Voight', 'Lisa Bonet']"
"Good Morning, Vietnam",(1987),7.3,$123.92M,"['Biography, Comedy, Drama']","['Barry Levinson', 'Robin Williams', 'Forest Whitaker', 'Tom. T. Tran', 'Chintara Sukapatana']"
From Russia with Love,(1963),7.3,$24.80M,"['Action, Adventure, Thriller']","['Terence Young', 'Sean Connery', 'Robert Shaw', 'Lotte Lenya', 'Daniela Bianchi']"
Memoirs of a Geisha,(2005),7.3,$57.49M,"['Drama, Romance']","['Rob Marshall', 'Ziyi Zhang', 'Ken Watanabe', 'Michelle Yeoh', 'Suzuka Ohgo']"
Corpse Bride,(2005),7.3,$53.36M,"['Animation, Drama, Family']","['Tim Burton', 'Mike Johnson', 'Johnny Depp', 'Helena Bonham Carter', 'Emily Watson', 'Tracey Ullman']"
Chocolat,(2000),7.3,$71.51M,"['Drama, Romance']","['Lasse Hallström', 'Juliette Binoche', 'Johnny Depp', 'Judi Dench', 'Alfred Molina']"
Get Carter,(1971),7.3,$0.39M,"['Action, Crime, Thriller']","['Mike Hodges', 'Michael Caine', 'Ian Hendry', 'Britt Ekland', 'John Osborne']"
13 Tzameti,(2005),7.3,$0.12M,,"['Géla Babluani', 'George Babluani', 'Aurélien Recoing', 'Pascal Bongard', 'Fred Ulysse']"
Insomnia,(2002),7.2,$67.36M,"['Drama, Mystery, Thriller']","['Christopher Nolan', 'Al Pacino', 'Robin Williams', 'Hilary Swank', 'Martin Donovan']"
The Hunger Games,(2012),7.2,$408.01M,"['Action, Adventure, Sci-Fi']","['Gary Ross', 'Jennifer Lawrence', 'Josh Hutcherson', 'Liam Hemsworth', 'Stanley Tucci']"
The Descent,(2005),7.2,$26.02M,"['Adventure, Horror, Thriller']","['Neil Marshall', 'Shauna Macdonald', 'Natalie Mendoza', 'Alex Reid', 'Saskia Mulder']"
Sunshine,(2007),7.2,$3.68M,"['Sci-Fi, Thriller']","['Danny Boyle', 'Cillian Murphy', 'Rose Byrne', 'Chris Evans', 'Cliff Curtis']"
GoldenEye,(1995),7.2,$106.60M,"['Action, Adventure, Thriller']","['Martin Campbell', 'Pierce Brosnan', 'Sean Bean', 'Izabella Scorupco', 'Famke Janssen']"
Born on the Fourth of July,(1989),7.2,$70.00M,,"['Oliver Stone', 'Tom Cruise', 'Bryan Larkin', 'Raymond J. Barry', 'Caroline Kava']"
A.I. Artificial Intelligence,(2001),7.2,$78.62M,"['Drama, Sci-Fi']","['Steven Spielberg', 'Haley Joel Osment', 'Jude Law', ""Frances O'Connor"", 'Sam Robards']"
The Virgin Suicides,(1999),7.2,$4.86M,"['Drama, Romance']","['Sofia Coppola', 'Kirsten Dunst', 'Josh Hartnett', 'James Woods', 'Kathleen Turner']"
